"CountryName","CountryCode","Year","GDPperCap","FertilityRate"
"Australia","AUS",1960,1810.70643,3.453
"Australia","AUS",1961,1877.707064,3.54
"Australia","AUS",1962,1854.746154,3.442
"Australia","AUS",1963,1967.211274,3.332
"Australia","AUS",1964,2131.3803,3.146
"Australia","AUS",1965,2281.110305,2.977
"Australia","AUS",1966,2343.915919,2.881
"Australia","AUS",1967,2580.110592,2.848
"Australia","AUS",1968,2724.130672,2.888
"Australia","AUS",1969,2991.477279,2.886
"Australia","AUS",1970,3304.92737,2.859
"Australia","AUS",1971,3495.228201,2.961
"Australia","AUS",1972,3949.461643,2.744
"Australia","AUS",1973,4770.810172,2.491
"Australia","AUS",1974,6482.938481,2.397
"Australia","AUS",1975,7003.842471,2.148
"Australia","AUS",1976,7486.682604,2.06
"Australia","AUS",1977,7775.658469,2.007
"Australia","AUS",1978,8252.734457,1.949
"Australia","AUS",1979,9294.515783,1.907
"Australia","AUS",1980,10208.80368,1.891
"Australia","AUS",1981,11853.66942,1.935
"Australia","AUS",1982,12779.14592,1.929
"Australia","AUS",1983,11515.74451,1.924
"Australia","AUS",1984,12421.88077,1.84
"Australia","AUS",1985,11441.58197,1.923
"Australia","AUS",1986,11392.00439,1.868
"Australia","AUS",1987,11651.33012,1.845
"Australia","AUS",1988,14284.96079,1.831
"Australia","AUS",1989,17834.45269,1.838
"Australia","AUS",1990,18249.30145,1.902
"Australia","AUS",1991,18859.90746,1.849
"Australia","AUS",1992,18624.18773,1.888
"Australia","AUS",1993,17699.87649,1.859
"Australia","AUS",1994,18129.63531,1.842
"Australia","AUS",1995,20448.12197,1.822
"Australia","AUS",1996,22021.78391,1.796
"Australia","AUS",1997,23646.62305,1.778
"Australia","AUS",1998,21479.1142,1.762
"Australia","AUS",1999,20712.66978,1.755
"Australia","AUS",2000,21870.41597,1.756
"Australia","AUS",2001,19695.72974,1.739
"Australia","AUS",2002,20301.84317,1.756
"Australia","AUS",2003,23718.13385,1.748
"Australia","AUS",2004,30836.73068,1.768
"Australia","AUS",2005,34479.76793,1.807
"Australia","AUS",2006,36595.70715,1.908
"Australia","AUS",2007,41051.61207,1.959
"Australia","AUS",2008,49701.28178,1.984
"Australia","AUS",2009,42816.5674,1.971
"Australia","AUS",2010,52144.66547,1.928
"Australia","AUS",2011,62605.60046,1.926
"Australia","AUS",2012,68072.87323,1.92
"Australia","AUS",2013,68190.701,1.855
"Australia","AUS",2014,62544.08738,1.826
"Australia","AUS",2015,56739.02653,1.814
"Australia","AUS",2016,49888.04108,1.752
"Australia","AUS",2017,53901.71454,1.741
"Australia","AUS",2018,57196.42208,1.74
"Australia","AUS",2019,54972.70179,1.657
"Australia","AUS",2020,51791.54018,1.581
"Australia","AUS",2021,60607.77886,1.7
"Australia","AUS",2022,64997.01365,1.63
"Australia","AUS",2023,64835.91998,1.5
"Austria","AUT",1960,939.9148147,2.69
"Austria","AUT",1961,1036.728204,2.78
"Austria","AUT",1962,1093.014191,2.8
"Austria","AUT",1963,1172.557446,2.82
"Austria","AUT",1964,1275.457153,2.79
"Austria","AUT",1965,1381.077258,2.7
"Austria","AUT",1966,1494.049114,2.66
"Austria","AUT",1967,1577.141477,2.62
"Austria","AUT",1968,1685.662117,2.58
"Austria","AUT",1969,1834.078078,2.49
"Austria","AUT",1970,2050.705154,2.29
"Austria","AUT",1971,2371.65248,2.2
"Austria","AUT",1972,2912.595771,2.08
"Austria","AUT",1973,3875.483056,1.94
"Austria","AUT",1974,4612.619208,1.91
"Austria","AUT",1975,5264.91772,1.83
"Austria","AUT",1976,5656.145138,1.69
"Austria","AUT",1977,6783.951422,1.63
"Austria","AUT",1978,8173.329263,1.6
"Austria","AUT",1979,9755.404456,1.6
"Austria","AUT",1980,10826.97183,1.65
"Austria","AUT",1981,9348.488324,1.67
"Austria","AUT",1982,9373.488206,1.66
"Austria","AUT",1983,9500.050704,1.56
"Austria","AUT",1984,8955.848292,1.52
"Austria","AUT",1985,9136.170926,1.47
"Austria","AUT",1986,13031.8281,1.45
"Austria","AUT",1987,16328.5613,1.43
"Austria","AUT",1988,17509.76587,1.45
"Austria","AUT",1989,17400.52266,1.45
"Austria","AUT",1990,21596.06822,1.46
"Austria","AUT",1991,22323.13125,1.51
"Austria","AUT",1992,24782.71188,1.51
"Austria","AUT",1993,23987.20372,1.5
"Austria","AUT",1994,25546.24605,1.47
"Austria","AUT",1995,30207.06743,1.42
"Austria","AUT",1996,29645.94513,1.45
"Austria","AUT",1997,26571.75236,1.39
"Austria","AUT",1998,27212.46429,1.37
"Austria","AUT",1999,27078.70816,1.34
"Austria","AUT",2000,24487.29747,1.36
"Austria","AUT",2001,24430.49598,1.33
"Austria","AUT",2002,26334.86222,1.39
"Austria","AUT",2003,32110.11597,1.38
"Austria","AUT",2004,36614.25065,1.42
"Austria","AUT",2005,38157.37023,1.41
"Austria","AUT",2006,40382.20783,1.41
"Austria","AUT",2007,46622.96229,1.38
"Austria","AUT",2008,51581.39824,1.42
"Austria","AUT",2009,47857.44466,1.39
"Austria","AUT",2010,46611.13934,1.44
"Austria","AUT",2011,51116.89535,1.43
"Austria","AUT",2012,48250.40591,1.44
"Austria","AUT",2013,50305.35458,1.44
"Austria","AUT",2014,51314.97226,1.46
"Austria","AUT",2015,43915.22802,1.49
"Austria","AUT",2016,45061.49939,1.53
"Austria","AUT",2017,47163.74258,1.52
"Austria","AUT",2018,51194.07498,1.47
"Austria","AUT",2019,49885.99474,1.46
"Austria","AUT",2020,48716.40989,1.44
"Austria","AUT",2021,53648.71907,1.48
"Austria","AUT",2022,52176.66491,1.41
"Austria","AUT",2023,56033.57379,1.32
"Belgium","BEL",1960,1290.286072,2.54
"Belgium","BEL",1961,1367.788852,2.63
"Belgium","BEL",1962,1457.26517,2.59
"Belgium","BEL",1963,1555.022932,2.68
"Belgium","BEL",1964,1724.018942,2.71
"Belgium","BEL",1965,1859.509987,2.61
"Belgium","BEL",1966,1983.131198,2.52
"Belgium","BEL",1967,2113.821941,2.41
"Belgium","BEL",1968,2251.315759,2.31
"Belgium","BEL",1969,2490.107173,2.27
"Belgium","BEL",1970,2765.890997,2.25
"Belgium","BEL",1971,3082.927989,2.21
"Belgium","BEL",1972,3831.6319,2.09
"Belgium","BEL",1973,4900.962201,1.95
"Belgium","BEL",1974,5733.798139,1.83
"Belgium","BEL",1975,6701.377361,1.74
"Belgium","BEL",1976,7243.047341,1.73
"Belgium","BEL",1977,8426.946959,1.71
"Belgium","BEL",1978,10289.76842,1.69
"Belgium","BEL",1979,11810.61588,1.69
"Belgium","BEL",1980,12864.00257,1.68
"Belgium","BEL",1981,10622.80248,1.66
"Belgium","BEL",1982,9343.8611,1.61
"Belgium","BEL",1983,8846.234298,1.57
"Belgium","BEL",1984,8457.268803,1.54
"Belgium","BEL",1985,8750.818513,1.51
"Belgium","BEL",1986,12170.0407,1.54
"Belgium","BEL",1987,15135.85231,1.54
"Belgium","BEL",1988,16391.09383,1.57
"Belgium","BEL",1989,16525.06174,1.58
"Belgium","BEL",1990,20600.37528,1.62
"Belgium","BEL",1991,21041.66065,1.66
"Belgium","BEL",1992,23372.61917,1.65
"Belgium","BEL",1993,22283.93602,1.61
"Belgium","BEL",1994,24208.55479,1.56
"Belgium","BEL",1995,28413.82644,1.56
"Belgium","BEL",1996,27489.55518,1.59
"Belgium","BEL",1997,24820.93805,1.6
"Belgium","BEL",1998,25338.44329,1.6
"Belgium","BEL",1999,25252.80191,1.62
"Belgium","BEL",2000,23098.88651,1.67
"Belgium","BEL",2001,23015.07126,1.67
"Belgium","BEL",2002,25006.1914,1.65
"Belgium","BEL",2003,30655.20927,1.67
"Belgium","BEL",2004,35429.40779,1.72
"Belgium","BEL",2005,36809.70134,1.76
"Belgium","BEL",2006,38705.1068,1.8
"Belgium","BEL",2007,44319.16545,1.82
"Belgium","BEL",2008,48303.39796,1.85
"Belgium","BEL",2009,44923.34001,1.84
"Belgium","BEL",2010,44197.39367,1.86
"Belgium","BEL",2011,47760.82988,1.81
"Belgium","BEL",2012,44874.17092,1.8
"Belgium","BEL",2013,46964.59468,1.76
"Belgium","BEL",2014,47995.7787,1.74
"Belgium","BEL",2015,40893.80454,1.7
"Belgium","BEL",2016,41854.54983,1.68
"Belgium","BEL",2017,44035.32394,1.65
"Belgium","BEL",2018,47487.21004,1.62
"Belgium","BEL",2019,46716.62275,1.6
"Belgium","BEL",2020,45906.28758,1.55
"Belgium","BEL",2021,51658.23829,1.6
"Belgium","BEL",2022,50822.25185,1.53
"Belgium","BEL",2023,54690.09427,1.47
"Canada","CAN",1960,2264.948497,3.811
"Canada","CAN",1961,2246.083566,3.753
"Canada","CAN",1962,2274.428471,3.681
"Canada","CAN",1963,2380.317329,3.607
"Canada","CAN",1964,2561.638491,3.456
"Canada","CAN",1965,2777.183173,3.115
"Canada","CAN",1966,3055.288079,2.749
"Canada","CAN",1967,3226.382737,2.528
"Canada","CAN",1968,3473.237226,2.386
"Canada","CAN",1969,3776.156131,2.334
"Canada","CAN",1970,4135.821498,2.258
"Canada","CAN",1971,4535.393389,2.141
"Canada","CAN",1972,5106.73708,1.98
"Canada","CAN",1973,5858.334073,1.89
"Canada","CAN",1974,7056.708475,1.837
"Canada","CAN",1975,7536.520098,1.824
"Canada","CAN",1976,8838.947107,1.796
"Canada","CAN",1977,8949.109893,1.782
"Canada","CAN",1978,9154.433253,1.768
"Canada","CAN",1979,10077.50267,1.754
"Canada","CAN",1980,11208.20274,1.74
"Canada","CAN",1981,12379.03686,1.7
"Canada","CAN",1982,12527.31353,1.69
"Canada","CAN",1983,13477.10317,1.68
"Canada","CAN",1984,13930.47455,1.65
"Canada","CAN",1985,14170.12494,1.67
"Canada","CAN",1986,14521.18008,1.675
"Canada","CAN",1987,16377.69021,1.68
"Canada","CAN",1988,19012.57233,1.68
"Canada","CAN",1989,20794.68223,1.77
"Canada","CAN",1990,21525.86114,1.83
"Canada","CAN",1991,21846.79305,1.72
"Canada","CAN",1992,20950.33053,1.71
"Canada","CAN",1993,20186.79888,1.69
"Canada","CAN",1994,19997.62374,1.69
"Canada","CAN",1995,20679.63479,1.67
"Canada","CAN",1996,21296.97235,1.63
"Canada","CAN",1997,21901.56285,1.57
"Canada","CAN",1998,21024.58507,1.56
"Canada","CAN",1999,22315.24667,1.55
"Canada","CAN",2000,24271.00206,1.51
"Canada","CAN",2001,23822.09621,1.54
"Canada","CAN",2002,24256.01923,1.52
"Canada","CAN",2003,28301.86459,1.55
"Canada","CAN",2004,32145.54126,1.56
"Canada","CAN",2005,36383.66001,1.58
"Canada","CAN",2006,40504.0371,1.63
"Canada","CAN",2007,44660.08389,1.67
"Canada","CAN",2008,46710.25269,1.7
"Canada","CAN",2009,40874.88319,1.69
"Canada","CAN",2010,47560.6666,1.65
"Canada","CAN",2011,52223.85884,1.63
"Canada","CAN",2012,52670.34473,1.63
"Canada","CAN",2013,52638.11872,1.61
"Canada","CAN",2014,50960.84312,1.61
"Canada","CAN",2015,43594.1941,1.6
"Canada","CAN",2016,42314.06158,1.59
"Canada","CAN",2017,45129.62812,1.55
"Canada","CAN",2018,46539.17616,1.51
"Canada","CAN",2019,46352.86934,1.47
"Canada","CAN",2020,43537.8393,1.41
"Canada","CAN",2021,52886.66164,1.44
"Canada","CAN",2022,56256.80073,1.33
"Canada","CAN",2023,54220.3285,1.26
"Chile","CHL",1960,516.4875391,4.697
"Chile","CHL",1961,594.4363062,4.655
"Chile","CHL",1962,678.5843366,4.602
"Chile","CHL",1963,657.7191966,4.536
"Chile","CHL",1964,685.9702029,4.457
"Chile","CHL",1965,686.123542,4.364
"Chile","CHL",1966,790.3617738,4.259
"Chile","CHL",1967,764.2651287,4.144
"Chile","CHL",1968,765.8474016,4.025
"Chile","CHL",1969,873.5818899,3.902
"Chile","CHL",1970,940.6483451,3.778
"Chile","CHL",1971,1098.9147,3.654
"Chile","CHL",1972,1185.049948,3.53
"Chile","CHL",1973,1666.995428,3.409
"Chile","CHL",1974,1578.583676,3.293
"Chile","CHL",1975,732.0544068,3.182
"Chile","CHL",1976,970.9573149,3.078
"Chile","CHL",1977,1296.868547,2.981
"Chile","CHL",1978,1465.456056,2.892
"Chile","CHL",1979,1962.081856,2.812
"Chile","CHL",1980,2570.843119,2.744
"Chile","CHL",1981,3012.344782,2.689
"Chile","CHL",1982,1663.280433,2.648
"Chile","CHL",1983,1715.403457,2.619
"Chile","CHL",1984,1636.224762,2.601
"Chile","CHL",1985,1446.806046,2.592
"Chile","CHL",1986,1524.978095,2.589
"Chile","CHL",1987,1767.413897,2.59
"Chile","CHL",1988,2013.539878,2.591
"Chile","CHL",1989,2277.847643,2.589
"Chile","CHL",1990,2487.768297,2.579
"Chile","CHL",1991,2798.342624,2.558
"Chile","CHL",1992,3351.841089,2.478
"Chile","CHL",1993,3540.913773,2.43
"Chile","CHL",1994,4012.101599,2.377
"Chile","CHL",1995,5081.468277,2.353
"Chile","CHL",1996,5333.504387,2.284
"Chile","CHL",1997,5741.95843,2.202
"Chile","CHL",1998,5419.824173,2.149
"Chile","CHL",1999,4933.555815,2.074
"Chile","CHL",2000,5052.992458,2.046
"Chile","CHL",2001,4563.595299,2.007
"Chile","CHL",2002,4430.847412,1.934
"Chile","CHL",2003,4773.401775,1.885
"Chile","CHL",2004,6120.591521,1.844
"Chile","CHL",2005,7480.32331,1.825
"Chile","CHL",2006,9318.656553,1.798
"Chile","CHL",2007,10346.41382,1.826
"Chile","CHL",2008,10683.21888,1.85
"Chile","CHL",2009,10098.80172,1.855
"Chile","CHL",2010,12632.87047,1.844
"Chile","CHL",2011,14487.39278,1.823
"Chile","CHL",2012,15241.907,1.798
"Chile","CHL",2013,15683.54864,1.786
"Chile","CHL",2014,14529.67672,1.774
"Chile","CHL",2015,13433.9203,1.737
"Chile","CHL",2016,13649.85205,1.686
"Chile","CHL",2017,14879.90862,1.563
"Chile","CHL",2018,15659.48087,1.543
"Chile","CHL",2019,14495.71672,1.43
"Chile","CHL",2020,13114.81547,1.307
"Chile","CHL",2021,16206.83255,1.176
"Chile","CHL",2022,15405.61658,1.255
"Chile","CHL",2023,17067.03648,1.167
"China","CHN",1960,89.71507492,4.451
"China","CHN",1961,75.96550111,3.863
"China","CHN",1962,71.0616846,6.085
"China","CHN",1963,74.46815409,7.513
"China","CHN",1964,85.66110746,6.672
"China","CHN",1965,98.66816887,6.605
"China","CHN",1966,104.5064635,6.307
"China","CHN",1967,96.76144801,5.806
"China","CHN",1968,91.64545818,6.508
"China","CHN",1969,100.3081395,6.175
"China","CHN",1970,113.346243,6.085
"China","CHN",1971,118.8424916,5.523
"China","CHN",1972,132.0974104,5.112
"China","CHN",1973,157.3398881,4.726
"China","CHN",1974,160.4025469,4.17
"China","CHN",1975,178.6212493,3.571
"China","CHN",1976,165.6809877,3.235
"China","CHN",1977,185.7286207,2.844
"China","CHN",1978,156.6556169,2.716
"China","CHN",1979,184.2858531,2.745
"China","CHN",1980,195.14948,2.739
"China","CHN",1981,197.425511,2.792
"China","CHN",1982,203.7227884,2.972
"China","CHN",1983,225.865347,2.559
"China","CHN",1984,251.1926865,2.607
"China","CHN",1985,295.0074458,2.633
"China","CHN",1986,282.4456031,2.721
"China","CHN",1987,252.2567601,2.76
"China","CHN",1988,284.0235731,2.539
"China","CHN",1989,311.4294612,2.52
"China","CHN",1990,318.5033536,2.514
"China","CHN",1991,334.1302881,1.934
"China","CHN",1992,367.8226519,1.776
"China","CHN",1993,378.9393531,1.691
"China","CHN",1994,475.6778744,1.628
"China","CHN",1995,612.6802779,1.588
"China","CHN",1996,713.3373878,1.554
"China","CHN",1997,786.7435485,1.527
"China","CHN",1998,835.0953486,1.522
"China","CHN",1999,881.1466141,1.53
"China","CHN",2000,969.1995137,1.628
"China","CHN",2001,1065.405976,1.563
"China","CHN",2002,1163.559577,1.566
"China","CHN",2003,1306.972454,1.57
"China","CHN",2004,1530.927262,1.605
"China","CHN",2005,1777.644968,1.624
"China","CHN",2006,2129.25697,1.644
"China","CHN",2007,2734.727099,1.666
"China","CHN",2008,3523.443021,1.701
"China","CHN",2009,3898.244592,1.714
"China","CHN",2010,4629.245517,1.687
"China","CHN",2011,5703.76028,1.668
"China","CHN",2012,6405.057424,1.798
"China","CHN",2013,7147.035186,1.714
"China","CHN",2014,7781.065975,1.769
"China","CHN",2015,8175.332851,1.67
"China","CHN",2016,8254.868593,1.772
"China","CHN",2017,8979.676527,1.795
"China","CHN",2018,10085.66381,1.539
"China","CHN",2019,10342.90095,1.496
"China","CHN",2020,10627.4638,1.236
"China","CHN",2021,12887.43572,1.117
"China","CHN",2022,12970.60564,1.034
"China","CHN",2023,12951.17824,0.999
"Colombia","COL",1960,258.3044336,6.735
"Colombia","COL",1961,282.0994405,6.712
"Colombia","COL",1962,298.5438617,6.663
"Colombia","COL",1963,282.5883303,6.584
"Colombia","COL",1964,338.6759353,6.475
"Colombia","COL",1965,317.0645634,6.333
"Colombia","COL",1966,290.253386,6.159
"Colombia","COL",1967,302.8325078,5.957
"Colombia","COL",1968,301.5265028,5.737
"Colombia","COL",1969,317.8687981,5.506
"Colombia","COL",1970,345.8791016,5.276
"Colombia","COL",1971,366.8251679,5.057
"Colombia","COL",1972,397.4121174,4.857
"Colombia","COL",1973,462.0643757,4.68
"Colombia","COL",1974,541.7499016,4.527
"Colombia","COL",1975,561.0980361,4.398
"Colombia","COL",1976,643.0079145,4.285
"Colombia","COL",1977,798.2030216,4.163
"Colombia","COL",1978,932.3926951,3.998
"Colombia","COL",1979,1095.031384,3.888
"Colombia","COL",1980,1279.501167,3.798
"Colombia","COL",1981,1362.183325,3.706
"Colombia","COL",1982,1425.399368,3.618
"Colombia","COL",1983,1383.792461,3.501
"Colombia","COL",1984,1335.528218,3.35
"Colombia","COL",1985,1192.218775,3.225
"Colombia","COL",1986,1169.462121,3.147
"Colombia","COL",1987,1192.588286,3.087
"Colombia","COL",1988,1259.617411,3.039
"Colombia","COL",1989,1244.326946,3.012
"Colombia","COL",1990,1474.845529,2.995
"Colombia","COL",1991,1499.711042,2.982
"Colombia","COL",1992,1729.663973,2.983
"Colombia","COL",1993,1930.059765,2.978
"Colombia","COL",1994,2325.975573,2.937
"Colombia","COL",1995,2583.349914,2.85
"Colombia","COL",1996,2664.456256,2.768
"Colombia","COL",1997,2873.200188,2.743
"Colombia","COL",1998,2605.999381,2.717
"Colombia","COL",1999,2243.64205,2.637
"Colombia","COL",2000,2555.00751,2.574
"Colombia","COL",2001,2472.99084,2.522
"Colombia","COL",2002,2428.929698,2.489
"Colombia","COL",2003,2311.942188,2.45
"Colombia","COL",2004,2818.571954,2.384
"Colombia","COL",2005,3456.066109,2.309
"Colombia","COL",2006,3789.853612,2.241
"Colombia","COL",2007,4769.926147,2.195
"Colombia","COL",2008,5541.836297,2.155
"Colombia","COL",2009,5250.972924,2.096
"Colombia","COL",2010,6398.295845,2.01
"Colombia","COL",2011,7400.99407,1.938
"Colombia","COL",2012,8108.598382,1.899
"Colombia","COL",2013,8279.102556,1.86
"Colombia","COL",2014,8187.208249,1.822
"Colombia","COL",2015,6248.514905,1.771
"Colombia","COL",2016,5959.842504,1.719
"Colombia","COL",2017,6479.532313,1.717
"Colombia","COL",2018,6816.968183,1.715
"Colombia","COL",2019,6472.545449,1.71
"Colombia","COL",2020,5339.687114,1.694
"Colombia","COL",2021,6222.621644,1.68
"Colombia","COL",2022,6680.445069,1.663
"Colombia","COL",2023,7000.836605,1.645
"Costa Rica","CRI",1960,382.3091218,6.712
"Costa Rica","CRI",1961,355.8444479,6.651
"Costa Rica","CRI",1962,335.221589,6.543
"Costa Rica","CRI",1963,345.5053691,6.389
"Costa Rica","CRI",1964,353.7108968,6.193
"Costa Rica","CRI",1965,373.8356901,5.96
"Costa Rica","CRI",1966,395.1524985,5.697
"Costa Rica","CRI",1967,413.996506,5.416
"Costa Rica","CRI",1968,444.8052569,5.028
"Costa Rica","CRI",1969,477.0813467,4.835
"Costa Rica","CRI",1970,535.5396797,4.585
"Costa Rica","CRI",1971,570.3602295,4.362
"Costa Rica","CRI",1972,638.8510116,4.158
"Costa Rica","CRI",1973,768.9447174,3.991
"Costa Rica","CRI",1974,817.0766914,3.893
"Costa Rica","CRI",1975,936.9931967,3.804
"Costa Rica","CRI",1976,1123.281791,3.747
"Costa Rica","CRI",1977,1393.375138,3.701
"Costa Rica","CRI",1978,1555.837161,3.662
"Costa Rica","CRI",1979,1734.595602,3.651
"Costa Rica","CRI",1980,2020.990675,3.583
"Costa Rica","CRI",1981,1068.046722,3.556
"Costa Rica","CRI",1982,1032.405482,3.54
"Costa Rica","CRI",1983,1212.557653,3.525
"Costa Rica","CRI",1984,1372.201498,3.519
"Costa Rica","CRI",1985,1429.378364,3.511
"Costa Rica","CRI",1986,1568.564097,3.454
"Costa Rica","CRI",1987,1567.032051,3.384
"Costa Rica","CRI",1988,1554.740485,3.314
"Costa Rica","CRI",1989,1725.139362,3.238
"Costa Rica","CRI",1990,1829.668709,3.167
"Costa Rica","CRI",1991,2253.381915,3.075
"Costa Rica","CRI",1992,2612.387565,3.001
"Costa Rica","CRI",1993,2840.387065,2.928
"Costa Rica","CRI",1994,3039.563286,2.857
"Costa Rica","CRI",1995,3275.252564,2.779
"Costa Rica","CRI",1996,3226.963956,2.681
"Costa Rica","CRI",1997,3407.776129,2.589
"Costa Rica","CRI",1998,3617.457567,2.527
"Costa Rica","CRI",1999,3690.961548,2.481
"Costa Rica","CRI",2000,3812.753883,2.413
"Costa Rica","CRI",2001,3985.129845,2.312
"Costa Rica","CRI",2002,4067.718514,2.162
"Costa Rica","CRI",2003,4173.148564,2.084
"Costa Rica","CRI",2004,4431.011721,2.028
"Costa Rica","CRI",2005,4703.007218,2.038
"Costa Rica","CRI",2006,5256.596409,1.937
"Costa Rica","CRI",2007,6137.711999,1.954
"Costa Rica","CRI",2008,6937.242616,1.98
"Costa Rica","CRI",2009,6832.698299,1.953
"Costa Rica","CRI",2010,8265.788203,1.827
"Costa Rica","CRI",2011,9276.391075,1.877
"Costa Rica","CRI",2012,10126.9991,1.851
"Costa Rica","CRI",2013,10803.2402,1.779
"Costa Rica","CRI",2014,10911.49788,1.8
"Costa Rica","CRI",2015,11714.7106,1.797
"Costa Rica","CRI",2016,12091.03016,1.746
"Costa Rica","CRI",2017,12317.09028,1.714
"Costa Rica","CRI",2018,12590.24938,1.706
"Costa Rica","CRI",2019,12884.686,1.6
"Costa Rica","CRI",2020,12394.0494,1.448
"Costa Rica","CRI",2021,12838.11854,1.353
"Costa Rica","CRI",2022,13625.90085,1.335
"Costa Rica","CRI",2023,16942.02681,1.33
"Czechia","CZE",1960,NA,2.09
"Czechia","CZE",1961,NA,2.11
"Czechia","CZE",1962,NA,2.12
"Czechia","CZE",1963,NA,2.31
"Czechia","CZE",1964,NA,2.34
"Czechia","CZE",1965,NA,2.18
"Czechia","CZE",1966,NA,2.02
"Czechia","CZE",1967,NA,1.91
"Czechia","CZE",1968,NA,1.84
"Czechia","CZE",1969,NA,1.87
"Czechia","CZE",1970,NA,1.92
"Czechia","CZE",1971,NA,2
"Czechia","CZE",1972,NA,2.09
"Czechia","CZE",1973,NA,2.31
"Czechia","CZE",1974,NA,2.46
"Czechia","CZE",1975,NA,2.43
"Czechia","CZE",1976,NA,2.39
"Czechia","CZE",1977,NA,2.34
"Czechia","CZE",1978,NA,2.33
"Czechia","CZE",1979,NA,2.27
"Czechia","CZE",1980,NA,2.08
"Czechia","CZE",1981,NA,2
"Czechia","CZE",1982,NA,2
"Czechia","CZE",1983,NA,1.97
"Czechia","CZE",1984,NA,1.97
"Czechia","CZE",1985,NA,1.95
"Czechia","CZE",1986,NA,1.92
"Czechia","CZE",1987,NA,1.91
"Czechia","CZE",1988,NA,1.94
"Czechia","CZE",1989,NA,1.87
"Czechia","CZE",1990,3969.367335,1.9
"Czechia","CZE",1991,2917.086555,1.86
"Czechia","CZE",1992,3396.709724,1.71
"Czechia","CZE",1993,3984.146344,1.67
"Czechia","CZE",1994,4663.286653,1.44
"Czechia","CZE",1995,5865.294606,1.28
"Czechia","CZE",1996,6573.196431,1.18
"Czechia","CZE",1997,6069.387624,1.17
"Czechia","CZE",1998,6526.596358,1.16
"Czechia","CZE",1999,6377.621108,1.13
"Czechia","CZE",2000,6062.921528,1.15
"Czechia","CZE",2001,6669.074948,1.15
"Czechia","CZE",2002,8101.260186,1.17
"Czechia","CZE",2003,9852.456779,1.18
"Czechia","CZE",2004,11782.55467,1.23
"Czechia","CZE",2005,13442.49163,1.29
"Czechia","CZE",2006,15259.07882,1.34
"Czechia","CZE",2007,18452.65328,1.45
"Czechia","CZE",2008,22774.70451,1.51
"Czechia","CZE",2009,19817.42158,1.51
"Czechia","CZE",2010,20160.43551,1.51
"Czechia","CZE",2011,22049.10808,1.43
"Czechia","CZE",2012,20014.0354,1.45
"Czechia","CZE",2013,20260.4955,1.46
"Czechia","CZE",2014,20038.41632,1.53
"Czechia","CZE",2015,17931.59877,1.57
"Czechia","CZE",2016,18753.96867,1.63
"Czechia","CZE",2017,20913.19763,1.69
"Czechia","CZE",2018,23705.93298,1.71
"Czechia","CZE",2019,24062.719,1.71
"Czechia","CZE",2020,23472.89155,1.74
"Czechia","CZE",2021,27696.46195,1.83
"Czechia","CZE",2022,28282.22367,1.64
"Czechia","CZE",2023,31591.05682,1.45
"Denmark","DNK",1960,1389.021394,2.57
"Denmark","DNK",1961,1530.53779,2.55
"Denmark","DNK",1962,1711.218138,2.55
"Denmark","DNK",1963,1807.252792,2.67
"Denmark","DNK",1964,2049.397243,2.6
"Denmark","DNK",1965,2284.228505,2.61
"Denmark","DNK",1966,2487.136271,2.62
"Denmark","DNK",1967,2700.746379,2.35
"Denmark","DNK",1968,2776.135445,2.12
"Denmark","DNK",1969,3151.133243,2
"Denmark","DNK",1970,3464.455183,1.95
"Denmark","DNK",1971,3845.599068,2.04
"Denmark","DNK",1972,4653.955879,2.03
"Denmark","DNK",1973,6116.891992,1.92
"Denmark","DNK",1974,6763.865929,1.9
"Denmark","DNK",1975,7988.156133,1.92
"Denmark","DNK",1976,8773.339616,1.75
"Denmark","DNK",1977,9769.578643,1.66
"Denmark","DNK",1978,11817.62509,1.67
"Denmark","DNK",1979,13757.23437,1.6
"Denmark","DNK",1980,13822.15784,1.55
"Denmark","DNK",1981,12000.21038,1.44
"Denmark","DNK",1982,11740.21991,1.43
"Denmark","DNK",1983,11796.5692,1.38
"Denmark","DNK",1984,11516.68216,1.4
"Denmark","DNK",1985,12212.7874,1.45
"Denmark","DNK",1986,17136.62974,1.48
"Denmark","DNK",1987,21295.67686,1.5
"Denmark","DNK",1988,22524.57926,1.56
"Denmark","DNK",1989,21882.15175,1.62
"Denmark","DNK",1990,26885.69942,1.67
"Denmark","DNK",1991,27002.80577,1.68
"Denmark","DNK",1992,29579.49136,1.76
"Denmark","DNK",1993,27581.72411,1.75
"Denmark","DNK",1994,29967.83039,1.81
"Denmark","DNK",1995,35321.09808,1.8
"Denmark","DNK",1996,35621.98781,1.75
"Denmark","DNK",1997,32779.87905,1.75
"Denmark","DNK",1998,33346.48843,1.72
"Denmark","DNK",1999,33426.23811,1.73
"Denmark","DNK",2000,30722.02518,1.77
"Denmark","DNK",2001,30768.47755,1.74
"Denmark","DNK",2002,33257.16226,1.72
"Denmark","DNK",2003,40519.09749,1.76
"Denmark","DNK",2004,46625.0501,1.78
"Denmark","DNK",2005,48925.80767,1.8
"Denmark","DNK",2006,52119.1788,1.85
"Denmark","DNK",2007,58631.65664,1.84
"Denmark","DNK",2008,64616.66576,1.89
"Denmark","DNK",2009,58412.74724,1.84
"Denmark","DNK",2010,58104.54456,1.87
"Denmark","DNK",2011,61809.7379,1.75
"Denmark","DNK",2012,58443.77471,1.73
"Denmark","DNK",2013,61377.59406,1.67
"Denmark","DNK",2014,62520.45097,1.69
"Denmark","DNK",2015,53094.01336,1.71
"Denmark","DNK",2016,54500.92604,1.79
"Denmark","DNK",2017,57521.5515,1.75
"Denmark","DNK",2018,61324.7665,1.73
"Denmark","DNK",2019,59404.26632,1.7
"Denmark","DNK",2020,60985.48856,1.68
"Denmark","DNK",2021,69727.98737,1.72
"Denmark","DNK",2022,68091.31911,1.55
"Denmark","DNK",2023,68453.87693,1.5
"Estonia","EST",1960,NA,1.98
"Estonia","EST",1961,NA,1.98
"Estonia","EST",1962,NA,1.95
"Estonia","EST",1963,NA,1.89
"Estonia","EST",1964,NA,1.94
"Estonia","EST",1965,NA,1.88
"Estonia","EST",1966,NA,1.87
"Estonia","EST",1967,NA,1.9
"Estonia","EST",1968,NA,2.03
"Estonia","EST",1969,NA,2.13
"Estonia","EST",1970,NA,2.17
"Estonia","EST",1971,NA,2.19
"Estonia","EST",1972,NA,2.13
"Estonia","EST",1973,NA,2.06
"Estonia","EST",1974,NA,2.07
"Estonia","EST",1975,NA,2.04
"Estonia","EST",1976,NA,2.07
"Estonia","EST",1977,NA,2.06
"Estonia","EST",1978,NA,2.02
"Estonia","EST",1979,NA,2
"Estonia","EST",1980,NA,2.02
"Estonia","EST",1981,NA,2.07
"Estonia","EST",1982,NA,2.07
"Estonia","EST",1983,NA,2.16
"Estonia","EST",1984,NA,2.17
"Estonia","EST",1985,NA,2.13
"Estonia","EST",1986,NA,2.18
"Estonia","EST",1987,NA,2.27
"Estonia","EST",1988,NA,2.27
"Estonia","EST",1989,NA,2.22
"Estonia","EST",1990,NA,2.05
"Estonia","EST",1991,NA,1.8
"Estonia","EST",1992,NA,1.71
"Estonia","EST",1993,2685.908893,1.49
"Estonia","EST",1994,2819.126121,1.42
"Estonia","EST",1995,3134.389753,1.38
"Estonia","EST",1996,3380.926302,1.37
"Estonia","EST",1997,3682.952301,1.32
"Estonia","EST",1998,4093.392477,1.28
"Estonia","EST",1999,4140.936602,1.3
"Estonia","EST",2000,4070.609024,1.36
"Estonia","EST",2001,4502.66615,1.32
"Estonia","EST",2002,5343.183108,1.36
"Estonia","EST",2003,7205.407033,1.37
"Estonia","EST",2004,8916.072827,1.47
"Estonia","EST",2005,10414.63812,1.52
"Estonia","EST",2006,12641.4801,1.58
"Estonia","EST",2007,16745.4308,1.69
"Estonia","EST",2008,18205.90641,1.72
"Estonia","EST",2009,14712.44942,1.7
"Estonia","EST",2010,14663.7041,1.72
"Estonia","EST",2011,17555.54552,1.61
"Estonia","EST",2012,17568.2138,1.56
"Estonia","EST",2013,19310.38749,1.52
"Estonia","EST",2014,20581.7899,1.54
"Estonia","EST",2015,17722.15577,1.58
"Estonia","EST",2016,18666.37365,1.6
"Estonia","EST",2017,20851.52235,1.59
"Estonia","EST",2018,23618.13613,1.67
"Estonia","EST",2019,24021.25014,1.66
"Estonia","EST",2020,23933.99394,1.58
"Estonia","EST",2021,27953.76702,1.61
"Estonia","EST",2022,28451.14778,1.41
"Estonia","EST",2023,30133.30445,1.31
"Finland","FIN",1960,1191.855089,2.72
"Finland","FIN",1961,1341.499006,2.72
"Finland","FIN",1962,1426.667564,2.68
"Finland","FIN",1963,1538.457034,2.68
"Finland","FIN",1964,1725.604835,2.59
"Finland","FIN",1965,1902.038472,2.48
"Finland","FIN",1966,2031.523314,2.41
"Finland","FIN",1967,2055.753068,2.32
"Finland","FIN",1968,1927.293805,2.14
"Finland","FIN",1969,2201.124152,1.93
"Finland","FIN",1970,2465.864555,1.83
"Finland","FIN",1971,2716.432235,1.68
"Finland","FIN",1972,3177.928793,1.58
"Finland","FIN",1973,4173.544852,1.49
"Finland","FIN",1974,5298.080088,1.61
"Finland","FIN",1975,6256.102451,1.68
"Finland","FIN",1976,6740.291453,1.7
"Finland","FIN",1977,7069.735651,1.68
"Finland","FIN",1978,7629.495725,1.64
"Finland","FIN",1979,9333.076956,1.64
"Finland","FIN",1980,11224.938,1.63
"Finland","FIN",1981,10925.09572,1.64
"Finland","FIN",1982,10935.31106,1.71
"Finland","FIN",1983,10493.96266,1.74
"Finland","FIN",1984,10830.21852,1.69
"Finland","FIN",1985,11394.1921,1.64
"Finland","FIN",1986,14946.99262,1.6
"Finland","FIN",1987,18565.02644,1.59
"Finland","FIN",1988,22043.77016,1.69
"Finland","FIN",1989,23969.0528,1.71
"Finland","FIN",1990,28366.20428,1.78
"Finland","FIN",1991,25488.84505,1.79
"Finland","FIN",1992,22320.11247,1.85
"Finland","FIN",1993,17588.67817,1.81
"Finland","FIN",1994,20278.2911,1.85
"Finland","FIN",1995,26246.27432,1.81
"Finland","FIN",1996,25756.67771,1.78
"Finland","FIN",1997,24682.29083,1.75
"Finland","FIN",1998,25999.98617,1.7
"Finland","FIN",1999,26180.41286,1.73
"Finland","FIN",2000,24335.92251,1.73
"Finland","FIN",2001,24965.203,1.73
"Finland","FIN",2002,26989.38926,1.72
"Finland","FIN",2003,32920.08572,1.76
"Finland","FIN",2004,37768.13342,1.8
"Finland","FIN",2005,39049.87038,1.8
"Finland","FIN",2006,41214.01878,1.84
"Finland","FIN",2007,48473.02401,1.83
"Finland","FIN",2008,53769.47262,1.85
"Finland","FIN",2009,47478.34953,1.86
"Finland","FIN",2010,46506.2919,1.87
"Finland","FIN",2011,51060.32426,1.83
"Finland","FIN",2012,47551.67408,1.8
"Finland","FIN",2013,49691.01452,1.75
"Finland","FIN",2014,50073.77608,1.71
"Finland","FIN",2015,42560.34568,1.65
"Finland","FIN",2016,43451.25624,1.57
"Finland","FIN",2017,46085.01747,1.49
"Finland","FIN",2018,49654.2497,1.41
"Finland","FIN",2019,48358.18078,1.35
"Finland","FIN",2020,48828.68469,1.37
"Finland","FIN",2021,53099.13514,1.46
"Finland","FIN",2022,50440.56022,1.32
"Finland","FIN",2023,52821.51143,1.26
"France","FRA",1960,1302.531497,2.85
"France","FRA",1961,1394.535571,2.87
"France","FRA",1962,1547.620259,2.89
"France","FRA",1963,1717.703791,2.89
"France","FRA",1964,1884.137914,2.87
"France","FRA",1965,2015.37981,2.84
"France","FRA",1966,2165.072795,2.8
"France","FRA",1967,2321.469184,2.75
"France","FRA",1968,2512.620174,2.69
"France","FRA",1969,2723.567305,2.62
"France","FRA",1970,2825.129723,2.55
"France","FRA",1971,3128.386121,2.47
"France","FRA",1972,3806.887889,2.38
"France","FRA",1973,4913.527078,2.28
"France","FRA",1974,5267.3533,2.18
"France","FRA",1975,6606.701467,2.09
"France","FRA",1976,6794.617393,2.01
"France","FRA",1977,7464.907845,1.94
"France","FRA",1978,9166.59012,1.89
"France","FRA",1979,11062.57317,1.87
"France","FRA",1980,12565.16394,1.85
"France","FRA",1981,10955.9003,1.85
"France","FRA",1982,10359.89207,1.86
"France","FRA",1983,9862.284494,1.86
"France","FRA",1984,9311.894265,1.86
"France","FRA",1985,9657.019385,1.86
"France","FRA",1986,13430.48246,1.85
"France","FRA",1987,16175.70905,1.83
"France","FRA",1988,17549.64405,1.81
"France","FRA",1989,17547.26454,1.79
"France","FRA",1990,21586.46746,1.77
"France","FRA",1991,21500.77784,1.75
"France","FRA",1992,23615.01686,1.74
"France","FRA",1993,22238.82506,1.73
"France","FRA",1994,23359.89851,1.73
"France","FRA",1995,26791.8152,1.74
"France","FRA",1996,26757.63515,1.75
"France","FRA",1997,24169.40081,1.77
"France","FRA",1998,24869.40308,1.78
"France","FRA",1999,24576.31523,1.81
"France","FRA",2000,22340.59395,1.89
"France","FRA",2001,22331.79483,1.9
"France","FRA",2002,24144.5727,1.88
"France","FRA",2003,29479.52221,1.89
"France","FRA",2004,33644.92822,1.92
"France","FRA",2005,34696.37183,1.94
"France","FRA",2006,36431.56589,2
"France","FRA",2007,41486.19078,1.98
"France","FRA",2008,45464.81814,2.01
"France","FRA",2009,41728.08842,2
"France","FRA",2010,40694.82117,2.03
"France","FRA",2011,43929.78409,2.01
"France","FRA",2012,40863.58144,2.01
"France","FRA",2013,42669.17951,1.99
"France","FRA",2014,43148.04593,2
"France","FRA",2015,36702.43237,1.96
"France","FRA",2016,37024.21571,1.92
"France","FRA",2017,38687.16264,1.89
"France","FRA",2018,41418.17665,1.87
"France","FRA",2019,40408.28486,1.86
"France","FRA",2020,39169.8606,1.83
"France","FRA",2021,43725.09995,1.84
"France","FRA",2022,41082.81193,1.79
"France","FRA",2023,44690.93454,1.66
"Germany","DEU",1960,1162.122668,2.37
"Germany","DEU",1961,1315.907878,2.45
"Germany","DEU",1962,1430.520955,2.44
"Germany","DEU",1963,1502.154529,2.51
"Germany","DEU",1964,1637.455228,2.54
"Germany","DEU",1965,1774.19869,2.5
"Germany","DEU",1966,1870.805403,2.53
"Germany","DEU",1967,1885.615966,2.48
"Germany","DEU",1968,2025.081595,2.38
"Germany","DEU",1969,2281.275982,2.21
"Germany","DEU",1970,2771.283105,2.03
"Germany","DEU",1971,3203.828848,1.92
"Germany","DEU",1972,3823.940326,1.71
"Germany","DEU",1973,5065.245233,1.54
"Germany","DEU",1974,5659.737878,1.51
"Germany","DEU",1975,6259.207445,1.45
"Germany","DEU",1976,6659.165466,1.45
"Germany","DEU",1977,7711.10232,1.4
"Germany","DEU",1978,9516.782832,1.38
"Germany","DEU",1979,11322.35434,1.38
"Germany","DEU",1980,12182.78002,1.44
"Germany","DEU",1981,10246.47676,1.43
"Germany","DEU",1982,9950.05926,1.41
"Germany","DEU",1983,9900.485592,1.33
"Germany","DEU",1984,9347.290684,1.29
"Germany","DEU",1985,9464.116947,1.37
"Germany","DEU",1986,13511.152,1.43
"Germany","DEU",1987,16738.61328,1.43
"Germany","DEU",1988,17996.97835,1.46
"Germany","DEU",1989,17829.46095,1.42
"Germany","DEU",1990,22385.67783,1.45
"Germany","DEU",1991,23443.33508,1.33
"Germany","DEU",1992,26559.85439,1.29
"Germany","DEU",1993,25616.65088,1.28
"Germany","DEU",1994,27201.95936,1.24
"Germany","DEU",1995,31747.24494,1.25
"Germany","DEU",1996,30599.7891,1.3
"Germany","DEU",1997,27046.95655,1.35
"Germany","DEU",1998,27395.94406,1.36
"Germany","DEU",1999,26965.49228,1.36
"Germany","DEU",2000,23925.85599,1.38
"Germany","DEU",2001,23878.36415,1.35
"Germany","DEU",2002,25486.5942,1.34
"Germany","DEU",2003,30711.10225,1.34
"Germany","DEU",2004,34566.73591,1.36
"Germany","DEU",2005,35084.43635,1.34
"Germany","DEU",2006,36980.33499,1.33
"Germany","DEU",2007,42350.92172,1.37
"Germany","DEU",2008,46386.32959,1.38
"Germany","DEU",2009,42487.21371,1.36
"Germany","DEU",2010,42409.9357,1.39
"Germany","DEU",2011,47646.58204,1.39
"Germany","DEU",2012,44735.58823,1.41
"Germany","DEU",2013,47220.01021,1.42
"Germany","DEU",2014,48971.08247,1.47
"Germany","DEU",2015,41911.01099,1.5
"Germany","DEU",2016,42961.03569,1.6
"Germany","DEU",2017,45526.59996,1.57
"Germany","DEU",2018,48874.8595,1.57
"Germany","DEU",2019,47623.86561,1.54
"Germany","DEU",2020,47379.76519,1.53
"Germany","DEU",2021,52265.65416,1.58
"Germany","DEU",2022,49686.11546,1.455
"Germany","DEU",2023,53940.40734,1.39
"Greece","GRC",1960,513.0858624,2.23
"Greece","GRC",1961,582.5635036,2.13
"Greece","GRC",1962,608.4755155,2.16
"Greece","GRC",1963,685.559282,2.14
"Greece","GRC",1964,772.8055008,2.24
"Greece","GRC",1965,886.7736111,2.25
"Greece","GRC",1966,983.5575492,2.32
"Greece","GRC",1967,1053.258886,2.45
"Greece","GRC",1968,1138.38219,2.42
"Greece","GRC",1969,1305.64396,2.36
"Greece","GRC",1970,1473.603948,2.4
"Greece","GRC",1971,1629.345279,2.32
"Greece","GRC",1972,1873.254128,2.32
"Greece","GRC",1973,2468.003955,2.27
"Greece","GRC",1974,2789.405774,2.38
"Greece","GRC",1975,3109.37944,2.33
"Greece","GRC",1976,3343.388194,2.35
"Greece","GRC",1977,3832.3211,2.27
"Greece","GRC",1978,4629.339377,2.28
"Greece","GRC",1979,5626.588791,2.26
"Greece","GRC",1980,5811.690696,2.23
"Greece","GRC",1981,5305.437294,2.09
"Greece","GRC",1982,5501.637001,2.03
"Greece","GRC",1983,4950.060265,1.94
"Greece","GRC",1984,4785.07463,1.83
"Greece","GRC",1985,4746.760358,1.67
"Greece","GRC",1986,5577.832587,1.6
"Greece","GRC",1987,6473.577832,1.5
"Greece","GRC",1988,7492.352048,1.5
"Greece","GRC",1989,7737.543858,1.4
"Greece","GRC",1990,9466.662385,1.39
"Greece","GRC",1991,10046.66639,1.37
"Greece","GRC",1992,11021.01222,1.36
"Greece","GRC",1993,10257.30858,1.32
"Greece","GRC",1994,10937.02238,1.33
"Greece","GRC",1995,12779.08149,1.28
"Greece","GRC",1996,13432.52622,1.26
"Greece","GRC",1997,13015.9175,1.27
"Greece","GRC",1998,13022.96488,1.24
"Greece","GRC",1999,12742.54044,1.23
"Greece","GRC",2000,11638.20107,1.25
"Greece","GRC",2001,12156.95728,1.25
"Greece","GRC",2002,13782.19564,1.28
"Greece","GRC",2003,18020.61204,1.29
"Greece","GRC",2004,21449.25528,1.31
"Greece","GRC",2005,22054.13158,1.34
"Greece","GRC",2006,24416.0233,1.4
"Greece","GRC",2007,28440.76253,1.41
"Greece","GRC",2008,31695.83311,1.5
"Greece","GRC",2009,29425.45732,1.5
"Greece","GRC",2010,26653.0488,1.48
"Greece","GRC",2011,25504.78665,1.4
"Greece","GRC",2012,21624.34605,1.34
"Greece","GRC",2013,21573.34498,1.29
"Greece","GRC",2014,21474.72571,1.3
"Greece","GRC",2015,17980.72982,1.33
"Greece","GRC",2016,17919.24264,1.38
"Greece","GRC",2017,18631.99301,1.35
"Greece","GRC",2018,19873.40152,1.35
"Greece","GRC",2019,19335.3602,1.34
"Greece","GRC",2020,17886.73317,1.39
"Greece","GRC",2021,20654.7002,1.43
"Greece","GRC",2022,20971.83493,1.32
"Greece","GRC",2023,23400.72788,1.32
"Hungary","HUN",1960,NA,2.02
"Hungary","HUN",1961,NA,1.94
"Hungary","HUN",1962,NA,1.79
"Hungary","HUN",1963,NA,1.82
"Hungary","HUN",1964,NA,1.82
"Hungary","HUN",1965,NA,1.82
"Hungary","HUN",1966,NA,1.89
"Hungary","HUN",1967,NA,2.01
"Hungary","HUN",1968,476.4343501,2.06
"Hungary","HUN",1969,527.2316176,2.04
"Hungary","HUN",1970,559.1970913,1.98
"Hungary","HUN",1971,606.8527386,1.93
"Hungary","HUN",1972,709.6525026,1.93
"Hungary","HUN",1973,875.9819999,1.93
"Hungary","HUN",1974,955.8742078,2.27
"Hungary","HUN",1975,1083.474733,2.35
"Hungary","HUN",1976,1248.798513,2.23
"Hungary","HUN",1977,1388.395099,2.15
"Hungary","HUN",1978,1617.878534,2.06
"Hungary","HUN",1979,1864.671889,2.01
"Hungary","HUN",1980,2158.221814,1.91
"Hungary","HUN",1981,2213.052677,1.88
"Hungary","HUN",1982,2255.064057,1.8
"Hungary","HUN",1983,2049.716179,1.75
"Hungary","HUN",1984,1991.238948,1.75
"Hungary","HUN",1985,2020.022866,1.85
"Hungary","HUN",1986,2330.841883,1.84
"Hungary","HUN",1987,2565.973911,1.82
"Hungary","HUN",1988,2812.237546,1.81
"Hungary","HUN",1989,2902.435081,1.82
"Hungary","HUN",1990,3323.539672,1.87
"Hungary","HUN",1991,3361.22268,1.87
"Hungary","HUN",1992,3747.329664,1.77
"Hungary","HUN",1993,3886.666084,1.68
"Hungary","HUN",1994,4187.03118,1.64
"Hungary","HUN",1995,4509.417409,1.57
"Hungary","HUN",1996,4542.012038,1.46
"Hungary","HUN",1997,4606.056973,1.37
"Hungary","HUN",1998,4751.773243,1.32
"Hungary","HUN",1999,4801.959496,1.28
"Hungary","HUN",2000,4629.917608,1.32
"Hungary","HUN",2001,5280.94888,1.31
"Hungary","HUN",2002,6658.044943,1.3
"Hungary","HUN",2003,8410.092482,1.27
"Hungary","HUN",2004,10291.26947,1.28
"Hungary","HUN",2005,11212.2047,1.31
"Hungary","HUN",2006,11478.48916,1.34
"Hungary","HUN",2007,13934.60546,1.32
"Hungary","HUN",2008,15762.63225,1.35
"Hungary","HUN",2009,13051.18318,1.32
"Hungary","HUN",2010,13189.84339,1.25
"Hungary","HUN",2011,14211.46056,1.23
"Hungary","HUN",2012,12950.15945,1.34
"Hungary","HUN",2013,13739.46202,1.35
"Hungary","HUN",2014,14352.50188,1.44
"Hungary","HUN",2015,12782.94126,1.45
"Hungary","HUN",2016,13215.86053,1.53
"Hungary","HUN",2017,14736.16682,1.54
"Hungary","HUN",2018,16605.05705,1.55
"Hungary","HUN",2019,17012.85986,1.55
"Hungary","HUN",2020,16386.93088,1.59
"Hungary","HUN",2021,19030.62813,1.61
"Hungary","HUN",2022,18483.63669,1.56
"Hungary","HUN",2023,22312.17903,1.51
"Iceland","ISL",1960,1436.258854,4.29
"Iceland","ISL",1961,1439.449724,3.88
"Iceland","ISL",1962,1585.721438,3.98
"Iceland","ISL",1963,1859.248362,3.99
"Iceland","ISL",1964,2332.473658,3.88
"Iceland","ISL",1965,2764.473565,3.73
"Iceland","ISL",1966,3264.047427,3.59
"Iceland","ISL",1967,3172.648771,3.28
"Iceland","ISL",1968,2389.883505,3.06
"Iceland","ISL",1969,2069.858964,2.99
"Iceland","ISL",1970,2576.353444,2.81
"Iceland","ISL",1971,3252.099178,2.92
"Iceland","ISL",1972,4014.84273,3.09
"Iceland","ISL",1973,5437.342525,2.94
"Iceland","ISL",1974,7040.554044,2.66
"Iceland","ISL",1975,6454.177152,2.65
"Iceland","ISL",1976,7583.275298,2.52
"Iceland","ISL",1977,9957.254434,2.31
"Iceland","ISL",1978,11236.73574,2.35
"Iceland","ISL",1979,12640.64081,2.49
"Iceland","ISL",1980,14821.81509,2.48
"Iceland","ISL",1981,15137.25384,2.33
"Iceland","ISL",1982,13711.73627,2.27
"Iceland","ISL",1983,11671.80923,2.24
"Iceland","ISL",1984,11959.54001,2.08
"Iceland","ISL",1985,12361.18704,1.93
"Iceland","ISL",1986,16406.04795,1.92
"Iceland","ISL",1987,22453.18823,2.06
"Iceland","ISL",1988,24451.97332,2.26
"Iceland","ISL",1989,22434.34677,2.19
"Iceland","ISL",1990,25384.91502,2.3
"Iceland","ISL",1991,26802.98952,2.18
"Iceland","ISL",1992,27124.27454,2.21
"Iceland","ISL",1993,23579.79536,2.22
"Iceland","ISL",1994,24018.6314,2.14
"Iceland","ISL",1995,26633.59138,2.08
"Iceland","ISL",1996,27614.87703,2.12
"Iceland","ISL",1997,27919.1855,2.04
"Iceland","ISL",1998,31030.24834,2.05
"Iceland","ISL",1999,32381.62524,1.99
"Iceland","ISL",2000,32096.37226,2.08
"Iceland","ISL",2001,28897.44394,1.95
"Iceland","ISL",2002,32409.21615,1.93
"Iceland","ISL",2003,39476.69785,1.99
"Iceland","ISL",2004,47334.93065,2.04
"Iceland","ISL",2005,56794.85016,2.05
"Iceland","ISL",2006,57492.93425,2.08
"Iceland","ISL",2007,69495.72674,2.09
"Iceland","ISL",2008,56943.37045,2.15
"Iceland","ISL",2009,41301.27322,2.23
"Iceland","ISL",2010,43237.07295,2.2
"Iceland","ISL",2011,47714.59223,2.02
"Iceland","ISL",2012,45995.54788,2.04
"Iceland","ISL",2013,49804.983,1.93
"Iceland","ISL",2014,54576.74481,1.93
"Iceland","ISL",2015,52951.68151,1.8
"Iceland","ISL",2016,61987.92636,1.74
"Iceland","ISL",2017,72010.14903,1.71
"Iceland","ISL",2018,74452.18907,1.71
"Iceland","ISL",2019,68452.23622,1.74
"Iceland","ISL",2020,59023.56635,1.72
"Iceland","ISL",2021,69178.4047,1.82
"Iceland","ISL",2022,75121.01523,1.589
"Iceland","ISL",2023,79960.09615,1.59
"Ireland","IRL",1960,706.5510223,3.78
"Ireland","IRL",1961,761.8513596,3.78
"Ireland","IRL",1962,821.3441131,3.92
"Ireland","IRL",1963,878.1565765,4.01
"Ireland","IRL",1964,994.6073316,4.07
"Ireland","IRL",1965,1055.036247,4.04
"Ireland","IRL",1966,1107.31823,3.94
"Ireland","IRL",1967,1187.183212,3.84
"Ireland","IRL",1968,1158.855498,3.77
"Ireland","IRL",1969,1330.783295,3.83
"Ireland","IRL",1970,1486.514527,3.85
"Ireland","IRL",1971,1703.932183,3.93
"Ireland","IRL",1972,2080.465147,3.84
"Ireland","IRL",1973,2424.269047,3.71
"Ireland","IRL",1974,2516.927686,3.59
"Ireland","IRL",1975,2973.400123,3.37
"Ireland","IRL",1976,2919.583087,3.29
"Ireland","IRL",1977,3427.073436,3.24
"Ireland","IRL",1978,4399.986805,3.21
"Ireland","IRL",1979,5429.962001,3.21
"Ireland","IRL",1980,6372.437775,3.21
"Ireland","IRL",1981,5986.154109,3.05
"Ireland","IRL",1982,6160.638614,2.94
"Ireland","IRL",1983,5915.241772,2.74
"Ireland","IRL",1984,5692.027386,2.58
"Ireland","IRL",1985,6011.735546,2.48
"Ireland","IRL",1986,8112.171363,2.44
"Ireland","IRL",1987,9581.913086,2.32
"Ireland","IRL",1988,10715.87062,2.17
"Ireland","IRL",1989,11175.8166,2.08
"Ireland","IRL",1990,14031.30257,2.11
"Ireland","IRL",1991,14087.2078,2.08
"Ireland","IRL",1992,15714.38475,1.99
"Ireland","IRL",1993,14657.06155,1.9
"Ireland","IRL",1994,15902.92968,1.85
"Ireland","IRL",1995,19158.45648,1.84
"Ireland","IRL",1996,20835.89737,1.88
"Ireland","IRL",1997,22551.11391,1.93
"Ireland","IRL",1998,24294.85477,1.94
"Ireland","IRL",1999,26338.10775,1.9
"Ireland","IRL",2000,26334.56721,1.89
"Ireland","IRL",2001,28282.40988,1.94
"Ireland","IRL",2002,32705.43456,1.97
"Ireland","IRL",2003,41203.52958,1.96
"Ireland","IRL",2004,47754.20232,1.93
"Ireland","IRL",2005,50933.02161,1.86
"Ireland","IRL",2006,54329.16186,1.91
"Ireland","IRL",2007,61396.41746,2.01
"Ireland","IRL",2008,61353.10656,2.06
"Ireland","IRL",2009,52133.09092,2.06
"Ireland","IRL",2010,48679.40268,2.05
"Ireland","IRL",2011,52692.78131,2.03
"Ireland","IRL",2012,49411.73875,1.98
"Ireland","IRL",2013,52619.21237,1.93
"Ireland","IRL",2014,57278.25909,1.89
"Ireland","IRL",2015,64311.82347,1.85
"Ireland","IRL",2016,64192.94181,1.81
"Ireland","IRL",2017,72198.1077,1.77
"Ireland","IRL",2018,80738.96288,1.75
"Ireland","IRL",2019,81810.19265,1.71
"Ireland","IRL",2020,86622.50673,1.63
"Ireland","IRL",2021,103961.9764,1.78
"Ireland","IRL",2022,105234.5116,1.54
"Ireland","IRL",2023,103887.8004,1.5
"Israel","ISR",1960,1452.48664,3.866
"Israel","ISR",1961,1697.29358,3.858
"Israel","ISR",1962,1293.569137,3.85
"Israel","ISR",1963,1486.317398,3.838
"Israel","ISR",1964,1625.99792,3.826
"Israel","ISR",1965,1689.069227,3.814
"Israel","ISR",1966,1789.007264,3.802
"Israel","ISR",1967,1734.931433,3.79
"Israel","ISR",1968,1947.352097,3.786
"Israel","ISR",1969,2189.034675,3.782
"Israel","ISR",1970,2490.488526,3.778
"Israel","ISR",1971,2297.994135,3.774
"Israel","ISR",1972,2929.656143,3.77
"Israel","ISR",1973,3631.047669,3.698
"Israel","ISR",1974,5085.166461,3.626
"Israel","ISR",1975,4672.002134,3.554
"Israel","ISR",1976,4516.374059,3.482
"Israel","ISR",1977,5053.17296,3.41
"Israel","ISR",1978,4797.096723,3.354
"Israel","ISR",1979,5971.933719,3.298
"Israel","ISR",1980,6548.544734,3.242
"Israel","ISR",1981,6795.250207,3.186
"Israel","ISR",1982,7257.575143,3.13
"Israel","ISR",1983,7959.98915,3.106
"Israel","ISR",1984,7368.503797,3.082
"Israel","ISR",1985,6828.664391,3.058
"Israel","ISR",1986,8335.462869,3.034
"Israel","ISR",1987,9853.408935,3.01
"Israel","ISR",1988,11852.98265,2.948
"Israel","ISR",1989,11607.67584,2.886
"Israel","ISR",1990,13308.31106,2.824
"Israel","ISR",1991,14346.08103,2.762
"Israel","ISR",1992,15509.99136,2.7
"Israel","ISR",1993,15178.83999,2.8
"Israel","ISR",1994,16806.83531,2.9
"Israel","ISR",1995,19025.68405,2.9
"Israel","ISR",1996,20224.27891,2.9
"Israel","ISR",1997,20469.4699,2.94
"Israel","ISR",1998,20188.81415,2.98
"Israel","ISR",1999,19823.21389,2.965
"Israel","ISR",2000,21706.51941,2.95
"Israel","ISR",2001,20966.30527,2.92
"Israel","ISR",2002,19076.45843,2.89
"Israel","ISR",2003,19643.46904,2.95
"Israel","ISR",2004,20568.06941,2.9
"Israel","ISR",2005,21286.83886,2.84
"Israel","ISR",2006,22527.26198,2.88
"Israel","ISR",2007,25721.25941,2.9
"Israel","ISR",2008,30269.21777,2.96
"Israel","ISR",2009,28508.49389,2.96
"Israel","ISR",2010,31439.0887,3.03
"Israel","ISR",2011,34522.5216,2.98
"Israel","ISR",2012,33321.43009,3.05
"Israel","ISR",2013,37034.31611,3.03
"Israel","ISR",2014,38343.30466,3.08
"Israel","ISR",2015,36213.10415,3.09
"Israel","ISR",2016,37671.53891,3.11
"Israel","ISR",2017,41138.47096,3.11
"Israel","ISR",2018,42362.66528,3.09
"Israel","ISR",2019,44250.63136,3.01
"Israel","ISR",2020,44575.5719,2.9
"Israel","ISR",2021,52270.90402,3
"Israel","ISR",2022,54949.62156,2.89
"Israel","ISR",2023,52003.72007,2.85
"Italy","ITA",1960,836.9058503,2.4
"Italy","ITA",1961,923.0877838,2.44
"Italy","ITA",1962,1030.158003,2.46
"Italy","ITA",1963,1171.386963,2.51
"Italy","ITA",1964,1271.801193,2.66
"Italy","ITA",1965,1357.010616,2.6
"Italy","ITA",1966,1458.947139,2.58
"Italy","ITA",1967,1595.485781,2.5
"Italy","ITA",1968,1718.496464,2.46
"Italy","ITA",1969,1886.450027,2.47
"Italy","ITA",1970,2111.719864,2.38
"Italy","ITA",1971,2310.923761,2.4
"Italy","ITA",1972,2677.29373,2.35
"Italy","ITA",1973,3212.639496,2.3
"Italy","ITA",1974,3629.491823,2.28
"Italy","ITA",1975,4116.459649,2.17
"Italy","ITA",1976,4042.394825,2.04
"Italy","ITA",1977,4614.210049,1.93
"Italy","ITA",1978,5623.429176,1.84
"Italy","ITA",1979,7006.396991,1.73
"Italy","ITA",1980,8476.41045,1.64
"Italy","ITA",1981,7640.402413,1.58
"Italy","ITA",1982,7573.939676,1.56
"Italy","ITA",1983,7850.62789,1.51
"Italy","ITA",1984,7757.553748,1.46
"Italy","ITA",1985,8009.103476,1.42
"Italy","ITA",1986,11341.09399,1.35
"Italy","ITA",1987,14267.53682,1.33
"Italy","ITA",1988,15780.94951,1.36
"Italy","ITA",1989,16424.43016,1.33
"Italy","ITA",1990,20873.78341,1.33
"Italy","ITA",1991,22007.1351,1.3
"Italy","ITA",1992,23297.04603,1.3
"Italy","ITA",1993,18781.95294,1.25
"Italy","ITA",1994,19382.20022,1.21
"Italy","ITA",1995,20712.17987,1.19
"Italy","ITA",1996,23122.93372,1.2
"Italy","ITA",1997,21883.98727,1.22
"Italy","ITA",1998,22365.18376,1.22
"Italy","ITA",1999,22049.99906,1.23
"Italy","ITA",2000,20190.00356,1.26
"Italy","ITA",2001,20570.43859,1.25
"Italy","ITA",2002,22451.39644,1.27
"Italy","ITA",2003,27577.57003,1.29
"Italy","ITA",2004,31348.19018,1.34
"Italy","ITA",2005,32062.72383,1.33
"Italy","ITA",2006,33537.1287,1.37
"Italy","ITA",2007,37826.17546,1.39
"Italy","ITA",2008,40828.57956,1.44
"Italy","ITA",2009,37099.6134,1.44
"Italy","ITA",2010,35856.86255,1.44
"Italy","ITA",2011,38432.37428,1.42
"Italy","ITA",2012,34854.39494,1.42
"Italy","ITA",2013,35701.6746,1.39
"Italy","ITA",2014,36028.3494,1.38
"Italy","ITA",2015,30639.88298,1.36
"Italy","ITA",2016,31391.56929,1.36
"Italy","ITA",2017,32844.11566,1.34
"Italy","ITA",2018,34904.10819,1.31
"Italy","ITA",2019,33812.78872,1.27
"Italy","ITA",2020,32091.48666,1.24
"Italy","ITA",2021,36852.54254,1.25
"Italy","ITA",2022,35653.90421,1.24
"Italy","ITA",2023,39065.42444,1.2
"Japan","JPN",1960,508.7027793,2
"Japan","JPN",1961,608.8645811,1.96
"Japan","JPN",1962,684.5655098,1.98
"Japan","JPN",1963,775.5921231,2
"Japan","JPN",1964,902.8677215,2.05
"Japan","JPN",1965,993.7327222,2.14
"Japan","JPN",1966,1143.607897,1.58
"Japan","JPN",1967,1326.361039,2.23
"Japan","JPN",1968,1553.271394,2.13
"Japan","JPN",1969,1802.980281,2.13
"Japan","JPN",1970,2100.74807,2.13
"Japan","JPN",1971,2321.390925,2.16
"Japan","JPN",1972,3031.438606,2.14
"Japan","JPN",1973,4061.01339,2.14
"Japan","JPN",1974,4448.319656,2.05
"Japan","JPN",1975,4775.899536,1.91
"Japan","JPN",1976,5310.431409,1.85
"Japan","JPN",1977,6472.787787,1.8
"Japan","JPN",1978,9012.136035,1.79
"Japan","JPN",1979,9301.14831,1.77
"Japan","JPN",1980,9668.746264,1.75
"Japan","JPN",1981,10583.12789,1.74
"Japan","JPN",1982,9779.974906,1.77
"Japan","JPN",1983,10652.01472,1.8
"Japan","JPN",1984,11207.45235,1.81
"Japan","JPN",1985,11809.46035,1.76
"Japan","JPN",1986,17451.83494,1.72
"Japan","JPN",1987,21141.7184,1.69
"Japan","JPN",1988,25499.88117,1.66
"Japan","JPN",1989,25265.94876,1.57
"Japan","JPN",1990,25801.39504,1.54
"Japan","JPN",1991,29428.4289,1.53
"Japan","JPN",1992,31992.79021,1.5
"Japan","JPN",1993,36345.24413,1.46
"Japan","JPN",1994,39933.51506,1.5
"Japan","JPN",1995,44197.6191,1.42
"Japan","JPN",1996,39150.03963,1.43
"Japan","JPN",1997,35638.23196,1.39
"Japan","JPN",1998,32423.75561,1.38
"Japan","JPN",1999,36610.16832,1.34
"Japan","JPN",2000,39169.35957,1.36
"Japan","JPN",2001,34406.18246,1.33
"Japan","JPN",2002,32820.79364,1.32
"Japan","JPN",2003,35387.03742,1.29
"Japan","JPN",2004,38298.98017,1.29
"Japan","JPN",2005,37812.89502,1.26
"Japan","JPN",2006,35991.546,1.32
"Japan","JPN",2007,35779.02454,1.34
"Japan","JPN",2008,39876.30397,1.37
"Japan","JPN",2009,41308.99684,1.37
"Japan","JPN",2010,44968.15623,1.39
"Japan","JPN",2011,48760.07895,1.39
"Japan","JPN",2012,49145.28043,1.41
"Japan","JPN",2013,40898.6479,1.43
"Japan","JPN",2014,38475.39525,1.42
"Japan","JPN",2015,34960.63938,1.45
"Japan","JPN",2016,39375.47316,1.44
"Japan","JPN",2017,38834.05293,1.43
"Japan","JPN",2018,39751.1331,1.42
"Japan","JPN",2019,40415.95676,1.36
"Japan","JPN",2020,40028.73417,1.33
"Japan","JPN",2021,40094.55998,1.3
"Japan","JPN",2022,34065.6439,1.26
"Japan","JPN",2023,33836.17563,1.2
"Korea, Rep.","KOR",1960,158.2741359,5.994
"Korea, Rep.","KOR",1961,93.83138319,5.803
"Korea, Rep.","KOR",1962,106.1597028,5.562
"Korea, Rep.","KOR",1963,146.3024926,5.334
"Korea, Rep.","KOR",1964,123.6063745,5.068
"Korea, Rep.","KOR",1965,108.7231124,4.887
"Korea, Rep.","KOR",1966,133.4798344,4.782
"Korea, Rep.","KOR",1967,161.1594433,4.615
"Korea, Rep.","KOR",1968,198.4348844,4.51
"Korea, Rep.","KOR",1969,243.4261377,4.447
"Korea, Rep.","KOR",1970,279.3087463,4.53
"Korea, Rep.","KOR",1971,301.1787367,4.54
"Korea, Rep.","KOR",1972,324.1928112,4.12
"Korea, Rep.","KOR",1973,406.8970935,4.07
"Korea, Rep.","KOR",1974,563.3524758,3.77
"Korea, Rep.","KOR",1975,617.4560619,3.43
"Korea, Rep.","KOR",1976,834.134208,3
"Korea, Rep.","KOR",1977,1055.880041,2.99
"Korea, Rep.","KOR",1978,1405.822374,2.64
"Korea, Rep.","KOR",1979,1783.622313,2.9
"Korea, Rep.","KOR",1980,1715.4224,2.82
"Korea, Rep.","KOR",1981,1883.45598,2.57
"Korea, Rep.","KOR",1982,1992.516778,2.39
"Korea, Rep.","KOR",1983,2198.939291,2.06
"Korea, Rep.","KOR",1984,2413.276501,1.74
"Korea, Rep.","KOR",1985,2482.399956,1.66
"Korea, Rep.","KOR",1986,2834.89034,1.58
"Korea, Rep.","KOR",1987,3554.606009,1.53
"Korea, Rep.","KOR",1988,4748.640644,1.55
"Korea, Rep.","KOR",1989,5817.065567,1.56
"Korea, Rep.","KOR",1990,6609.997283,1.57
"Korea, Rep.","KOR",1991,7636.948064,1.71
"Korea, Rep.","KOR",1992,8126.662062,1.76
"Korea, Rep.","KOR",1993,8884.919464,1.654
"Korea, Rep.","KOR",1994,10385.39046,1.656
"Korea, Rep.","KOR",1995,12564.72437,1.634
"Korea, Rep.","KOR",1996,13402.9946,1.574
"Korea, Rep.","KOR",1997,12398.49045,1.537
"Korea, Rep.","KOR",1998,8281.719483,1.464
"Korea, Rep.","KOR",1999,10672.44756,1.425
"Korea, Rep.","KOR",2000,12257.02066,1.48
"Korea, Rep.","KOR",2001,11561.20717,1.309
"Korea, Rep.","KOR",2002,13165.08362,1.178
"Korea, Rep.","KOR",2003,14672.80575,1.191
"Korea, Rep.","KOR",2004,16496.13162,1.164
"Korea, Rep.","KOR",2005,19402.50263,1.085
"Korea, Rep.","KOR",2006,21743.47745,1.132
"Korea, Rep.","KOR",2007,24086.41044,1.259
"Korea, Rep.","KOR",2008,21350.42798,1.192
"Korea, Rep.","KOR",2009,19143.85161,1.149
"Korea, Rep.","KOR",2010,23079.26013,1.226
"Korea, Rep.","KOR",2011,25097.59543,1.244
"Korea, Rep.","KOR",2012,25459.1689,1.297
"Korea, Rep.","KOR",2013,27179.51701,1.187
"Korea, Rep.","KOR",2014,29252.93124,1.205
"Korea, Rep.","KOR",2015,28737.43917,1.239
"Korea, Rep.","KOR",2016,29280.44032,1.172
"Korea, Rep.","KOR",2017,31600.73587,1.052
"Korea, Rep.","KOR",2018,33447.15628,0.977
"Korea, Rep.","KOR",2019,31902.4169,0.918
"Korea, Rep.","KOR",2020,31721.29891,0.837
"Korea, Rep.","KOR",2021,35125.5225,0.808
"Korea, Rep.","KOR",2022,32394.68337,0.778
"Korea, Rep.","KOR",2023,33121.37129,0.721
"Latvia","LVA",1960,NA,1.94
"Latvia","LVA",1961,NA,1.94
"Latvia","LVA",1962,NA,1.91
"Latvia","LVA",1963,NA,1.85
"Latvia","LVA",1964,NA,1.79
"Latvia","LVA",1965,NA,1.74
"Latvia","LVA",1966,NA,1.76
"Latvia","LVA",1967,NA,1.8
"Latvia","LVA",1968,NA,1.83
"Latvia","LVA",1969,NA,1.88
"Latvia","LVA",1970,NA,1.96
"Latvia","LVA",1971,NA,2
"Latvia","LVA",1972,NA,2
"Latvia","LVA",1973,NA,1.98
"Latvia","LVA",1974,NA,1.97
"Latvia","LVA",1975,NA,1.96
"Latvia","LVA",1976,NA,1.93
"Latvia","LVA",1977,NA,1.89
"Latvia","LVA",1978,NA,1.87
"Latvia","LVA",1979,NA,1.87
"Latvia","LVA",1980,NA,1.86
"Latvia","LVA",1981,NA,1.88
"Latvia","LVA",1982,NA,1.97
"Latvia","LVA",1983,NA,2.07
"Latvia","LVA",1984,NA,2.09
"Latvia","LVA",1985,NA,2.08
"Latvia","LVA",1986,NA,2.12
"Latvia","LVA",1987,NA,2.15
"Latvia","LVA",1988,NA,2.11
"Latvia","LVA",1989,NA,2.05
"Latvia","LVA",1990,NA,2.02
"Latvia","LVA",1991,NA,1.86
"Latvia","LVA",1992,NA,1.73
"Latvia","LVA",1993,NA,1.51
"Latvia","LVA",1994,NA,1.39
"Latvia","LVA",1995,2256.773604,1.25
"Latvia","LVA",1996,2360.171482,1.16
"Latvia","LVA",1997,2609.893087,1.11
"Latvia","LVA",1998,2893.799987,1.09
"Latvia","LVA",1999,3063.897946,1.16
"Latvia","LVA",2000,3278.178964,1.25
"Latvia","LVA",2001,3504.618295,1.22
"Latvia","LVA",2002,4003.609358,1.26
"Latvia","LVA",2003,4914.579928,1.32
"Latvia","LVA",2004,6109.732652,1.29
"Latvia","LVA",2005,7283.787381,1.39
"Latvia","LVA",2006,9211.737447,1.46
"Latvia","LVA",2007,13370.97895,1.54
"Latvia","LVA",2008,15677.60809,1.58
"Latvia","LVA",2009,11996.03227,1.46
"Latvia","LVA",2010,11188.41917,1.36
"Latvia","LVA",2011,12902.57405,1.33
"Latvia","LVA",2012,13329.34999,1.44
"Latvia","LVA",2013,14484.47153,1.52
"Latvia","LVA",2014,15185.81458,1.65
"Latvia","LVA",2015,13321.97531,1.7
"Latvia","LVA",2016,13838.52668,1.74
"Latvia","LVA",2017,15132.49583,1.69
"Latvia","LVA",2018,17252.17104,1.6
"Latvia","LVA",2019,17294.97516,1.61
"Latvia","LVA",2020,17564.23215,1.55
"Latvia","LVA",2021,20261.88878,1.57
"Latvia","LVA",2022,20227.23074,1.47
"Latvia","LVA",2023,22675.57863,1.36
"Lithuania","LTU",1960,NA,2.56
"Lithuania","LTU",1961,NA,2.53
"Lithuania","LTU",1962,NA,2.45
"Lithuania","LTU",1963,NA,2.35
"Lithuania","LTU",1964,NA,2.28
"Lithuania","LTU",1965,NA,2.23
"Lithuania","LTU",1966,NA,2.22
"Lithuania","LTU",1967,NA,2.23
"Lithuania","LTU",1968,NA,2.24
"Lithuania","LTU",1969,NA,2.3
"Lithuania","LTU",1970,NA,2.4
"Lithuania","LTU",1971,NA,2.41
"Lithuania","LTU",1972,NA,2.34
"Lithuania","LTU",1973,NA,2.22
"Lithuania","LTU",1974,NA,2.21
"Lithuania","LTU",1975,NA,2.18
"Lithuania","LTU",1976,NA,2.18
"Lithuania","LTU",1977,NA,2.14
"Lithuania","LTU",1978,NA,2.08
"Lithuania","LTU",1979,NA,2.05
"Lithuania","LTU",1980,NA,1.99
"Lithuania","LTU",1981,NA,1.98
"Lithuania","LTU",1982,NA,1.97
"Lithuania","LTU",1983,NA,2.1
"Lithuania","LTU",1984,NA,2.07
"Lithuania","LTU",1985,NA,2.08
"Lithuania","LTU",1986,NA,2.12
"Lithuania","LTU",1987,NA,2.11
"Lithuania","LTU",1988,NA,2.02
"Lithuania","LTU",1989,NA,1.98
"Lithuania","LTU",1990,NA,2.03
"Lithuania","LTU",1991,NA,2.01
"Lithuania","LTU",1992,NA,1.97
"Lithuania","LTU",1993,NA,1.74
"Lithuania","LTU",1994,NA,1.57
"Lithuania","LTU",1995,2182.691569,1.55
"Lithuania","LTU",1996,2340.67546,1.49
"Lithuania","LTU",1997,2844.162868,1.47
"Lithuania","LTU",1998,3180.644986,1.46
"Lithuania","LTU",1999,3127.511767,1.46
"Lithuania","LTU",2000,3300.636349,1.39
"Lithuania","LTU",2001,3532.527874,1.29
"Lithuania","LTU",2002,4148.130915,1.23
"Lithuania","LTU",2003,5507.474342,1.26
"Lithuania","LTU",2004,6734.574871,1.27
"Lithuania","LTU",2005,7857.031488,1.29
"Lithuania","LTU",2006,9210.101182,1.33
"Lithuania","LTU",2007,12295.12128,1.36
"Lithuania","LTU",2008,14955.53455,1.45
"Lithuania","LTU",2009,11854.37111,1.5
"Lithuania","LTU",2010,11829.12261,1.5
"Lithuania","LTU",2011,14261.84338,1.55
"Lithuania","LTU",2012,14288.18535,1.6
"Lithuania","LTU",2013,15636.52526,1.59
"Lithuania","LTU",2014,16446.16472,1.57
"Lithuania","LTU",2015,14269.80399,1.63
"Lithuania","LTU",2016,14934.27028,1.63
"Lithuania","LTU",2017,16800.15102,1.57
"Lithuania","LTU",2018,19247.23154,1.53
"Lithuania","LTU",2019,19608.79439,1.43
"Lithuania","LTU",2020,20428.64782,1.36
"Lithuania","LTU",2021,23870.45949,1.36
"Lithuania","LTU",2022,25085.78406,1.27
"Lithuania","LTU",2023,27786.00578,1.18
"Luxembourg","LUX",1960,2261.177418,2.29
"Luxembourg","LUX",1961,2241.360032,NA
"Luxembourg","LUX",1962,2331.556858,2.37
"Luxembourg","LUX",1963,2461.901124,NA
"Luxembourg","LUX",1964,2779.184397,2.34
"Luxembourg","LUX",1965,2803.853046,2.42
"Luxembourg","LUX",1966,2925.222047,2.34
"Luxembourg","LUX",1967,2934.528321,2.24
"Luxembourg","LUX",1968,3202.505949,2.12
"Luxembourg","LUX",1969,3690.171826,2.02
"Luxembourg","LUX",1970,4298.033897,1.97
"Luxembourg","LUX",1971,4435.398008,1.95
"Luxembourg","LUX",1972,5486.720628,1.75
"Luxembourg","LUX",1973,7447.213018,1.58
"Luxembourg","LUX",1974,8966.728959,1.58
"Luxembourg","LUX",1975,8701.304731,1.55
"Luxembourg","LUX",1976,9490.690312,1.48
"Luxembourg","LUX",1977,10486.33579,1.5
"Luxembourg","LUX",1978,13034.38821,1.48
"Luxembourg","LUX",1979,15204.33082,1.48
"Luxembourg","LUX",1980,16531.1149,1.5
"Luxembourg","LUX",1981,13837.12998,1.55
"Luxembourg","LUX",1982,12590.9768,1.49
"Luxembourg","LUX",1983,12374.03042,1.43
"Luxembourg","LUX",1984,12126.9392,1.42
"Luxembourg","LUX",1985,12481.96584,1.38
"Luxembourg","LUX",1986,18149.86925,1.43
"Luxembourg","LUX",1987,22443.43146,1.4
"Luxembourg","LUX",1988,25219.35428,1.51
"Luxembourg","LUX",1989,26618.06958,1.52
"Luxembourg","LUX",1990,33465.47821,1.6
"Luxembourg","LUX",1991,35747.3378,1.6
"Luxembourg","LUX",1992,39570.86157,1.64
"Luxembourg","LUX",1993,40066.72425,1.7
"Luxembourg","LUX",1994,43933.23544,1.72
"Luxembourg","LUX",1995,51032.34964,1.7
"Luxembourg","LUX",1996,50444.35912,1.77
"Luxembourg","LUX",1997,46641.64088,1.71
"Luxembourg","LUX",1998,47445.38108,1.68
"Luxembourg","LUX",1999,50872.44927,1.74
"Luxembourg","LUX",2000,48659.59888,1.76
"Luxembourg","LUX",2001,48440.14202,1.66
"Luxembourg","LUX",2002,53005.73392,1.63
"Luxembourg","LUX",2003,65689.32145,1.62
"Luxembourg","LUX",2004,76544.91709,1.66
"Luxembourg","LUX",2005,80988.13762,1.63
"Luxembourg","LUX",2006,90788.80049,1.65
"Luxembourg","LUX",2007,107475.3203,1.61
"Luxembourg","LUX",2008,120422.1379,1.61
"Luxembourg","LUX",2009,109419.747,1.59
"Luxembourg","LUX",2010,110885.9914,1.63
"Luxembourg","LUX",2011,119025.0572,1.52
"Luxembourg","LUX",2012,112584.6763,1.57
"Luxembourg","LUX",2013,120000.1407,1.55
"Luxembourg","LUX",2014,123678.7021,1.5
"Luxembourg","LUX",2015,105462.0126,1.47
"Luxembourg","LUX",2016,106899.2935,1.41
"Luxembourg","LUX",2017,110193.2138,1.39
"Luxembourg","LUX",2018,116926.7596,1.38
"Luxembourg","LUX",2019,112696.6491,1.34
"Luxembourg","LUX",2020,116860.0282,1.36
"Luxembourg","LUX",2021,134965.8154,1.38
"Luxembourg","LUX",2022,123719.6589,1.31
"Luxembourg","LUX",2023,131407.6814,1.25
"Mexico","MEX",1960,355.0751996,6.763
"Mexico","MEX",1961,373.712217,6.777
"Mexico","MEX",1962,388.4567024,6.8
"Mexico","MEX",1963,419.5520663,6.817
"Mexico","MEX",1964,480.7042144,6.833
"Mexico","MEX",1965,505.8544195,6.819
"Mexico","MEX",1966,544.9358542,6.79
"Mexico","MEX",1967,575.7690375,6.753
"Mexico","MEX",1968,615.9229121,6.707
"Mexico","MEX",1969,659.7175069,6.626
"Mexico","MEX",1970,699.0068455,6.529
"Mexico","MEX",1971,747.912361,6.419
"Mexico","MEX",1972,836.5696734,6.281
"Mexico","MEX",1973,993.0428795,6.121
"Mexico","MEX",1974,1256.102806,5.947
"Mexico","MEX",1975,1491.970486,5.739
"Mexico","MEX",1976,1465.498779,5.543
"Mexico","MEX",1977,1314.620445,5.361
"Mexico","MEX",1978,1604.409205,5.202
"Mexico","MEX",1979,2049.264689,4.964
"Mexico","MEX",1980,3054.621623,4.739
"Mexico","MEX",1981,3829.144375,4.574
"Mexico","MEX",1982,2620.957934,4.425
"Mexico","MEX",1983,2169.852853,4.296
"Mexico","MEX",1984,2506.307428,4.184
"Mexico","MEX",1985,2601.708252,4.087
"Mexico","MEX",1986,1756.935634,3.971
"Mexico","MEX",1987,1888.263143,3.803
"Mexico","MEX",1988,2278.812227,3.64
"Mexico","MEX",1989,2725.055723,3.532
"Mexico","MEX",1990,3154.469203,3.444
"Mexico","MEX",1991,3708.842055,3.363
"Mexico","MEX",1992,4220.566437,3.285
"Mexico","MEX",1993,6048.348404,3.211
"Mexico","MEX",1994,6202.365884,3.132
"Mexico","MEX",1995,4183.878477,3.044
"Mexico","MEX",1996,4674.367927,2.964
"Mexico","MEX",1997,5567.355995,2.886
"Mexico","MEX",1998,5832.69342,2.815
"Mexico","MEX",1999,6499.97183,2.763
"Mexico","MEX",2000,7524.027138,2.714
"Mexico","MEX",2001,7952.764795,2.671
"Mexico","MEX",2002,7983.033984,2.633
"Mexico","MEX",2003,7434.07465,2.579
"Mexico","MEX",2004,7849.667596,2.536
"Mexico","MEX",2005,8671.758919,2.495
"Mexico","MEX",2006,9512.635753,2.456
"Mexico","MEX",2007,10134.33271,2.421
"Mexico","MEX",2008,10523.76854,2.391
"Mexico","MEX",2009,8423.569332,2.364
"Mexico","MEX",2010,9728.800782,2.34
"Mexico","MEX",2011,10664.4944,2.317
"Mexico","MEX",2012,10744.13352,2.294
"Mexico","MEX",2013,11216.80085,2.269
"Mexico","MEX",2014,11391.37735,2.211
"Mexico","MEX",2015,10021.23861,2.137
"Mexico","MEX",2016,9097.923977,2.086
"Mexico","MEX",2017,9649.278168,2.041
"Mexico","MEX",2018,10084.79376,2.03
"Mexico","MEX",2019,10369.55536,2.02
"Mexico","MEX",2020,8841.270751,1.99
"Mexico","MEX",2021,10314.05067,1.97
"Mexico","MEX",2022,11402.14104,1.94
"Mexico","MEX",2023,13826.13066,1.91
"Netherlands","NLD",1960,1156.385977,3.12
"Netherlands","NLD",1961,1254.420283,3.22
"Netherlands","NLD",1962,1342.368272,3.18
"Netherlands","NLD",1963,1436.887261,3.19
"Netherlands","NLD",1964,1668.330861,3.17
"Netherlands","NLD",1965,1848.098015,3.04
"Netherlands","NLD",1966,1986.270244,2.9
"Netherlands","NLD",1967,2154.579697,2.81
"Netherlands","NLD",1968,2364.359419,2.72
"Netherlands","NLD",1969,2646.845818,2.75
"Netherlands","NLD",1970,2931.38078,2.57
"Netherlands","NLD",1971,3383.587156,2.36
"Netherlands","NLD",1972,4110.491646,2.15
"Netherlands","NLD",1973,5353.442652,1.9
"Netherlands","NLD",1974,6450.457702,1.77
"Netherlands","NLD",1975,7346.304748,1.66
"Netherlands","NLD",1976,7937.352467,1.63
"Netherlands","NLD",1977,9180.299185,1.58
"Netherlands","NLD",1978,11195.84249,1.58
"Netherlands","NLD",1979,12817.37902,1.56
"Netherlands","NLD",1980,13812.16001,1.6
"Netherlands","NLD",1981,11537.40269,1.56
"Netherlands","NLD",1982,11088.95432,1.5
"Netherlands","NLD",1983,10696.0775,1.47
"Netherlands","NLD",1984,9991.843777,1.49
"Netherlands","NLD",1985,9940.738436,1.51
"Netherlands","NLD",1986,13804.13606,1.55
"Netherlands","NLD",1987,16734.15141,1.56
"Netherlands","NLD",1988,17770.61624,1.55
"Netherlands","NLD",1989,17423.29616,1.55
"Netherlands","NLD",1990,21322.19448,1.62
"Netherlands","NLD",1991,21764.2145,1.61
"Netherlands","NLD",1992,23939.21735,1.59
"Netherlands","NLD",1993,23156.44044,1.57
"Netherlands","NLD",1994,24682.58667,1.57
"Netherlands","NLD",1995,29301.19405,1.53
"Netherlands","NLD",1996,29063.62365,1.53
"Netherlands","NLD",1997,26744.96013,1.56
"Netherlands","NLD",1998,27924.28181,1.63
"Netherlands","NLD",1999,28318.74665,1.65
"Netherlands","NLD",2000,26225.16977,1.72
"Netherlands","NLD",2001,26955.7128,1.71
"Netherlands","NLD",2002,29446.53309,1.73
"Netherlands","NLD",2003,35896.75046,1.75
"Netherlands","NLD",2004,40611.34144,1.72
"Netherlands","NLD",2005,42165.39617,1.71
"Netherlands","NLD",2006,45123.54324,1.72
"Netherlands","NLD",2007,52100.79963,1.72
"Netherlands","NLD",2008,58246.70269,1.77
"Netherlands","NLD",2009,53172.02616,1.79
"Netherlands","NLD",2010,51305.73385,1.79
"Netherlands","NLD",2011,54701.7728,1.76
"Netherlands","NLD",2012,50473.9442,1.72
"Netherlands","NLD",2013,52602.28605,1.68
"Netherlands","NLD",2014,53457.22349,1.71
"Netherlands","NLD",2015,45793.81354,1.66
"Netherlands","NLD",2016,46808.52915,1.66
"Netherlands","NLD",2017,49513.68173,1.62
"Netherlands","NLD",2018,53955.077,1.59
"Netherlands","NLD",2019,53554.90075,1.57
"Netherlands","NLD",2020,53467.92774,1.54
"Netherlands","NLD",2021,60141.98809,1.62
"Netherlands","NLD",2022,59123.31856,1.49
"Netherlands","NLD",2023,64572.00596,1.43
"Norway","NOR",1960,1451.285078,2.85
"Norway","NOR",1961,1570.638044,2.94
"Norway","NOR",1962,1678.267257,2.91
"Norway","NOR",1963,1787.318534,2.93
"Norway","NOR",1964,1950.693242,2.98
"Norway","NOR",1965,2178.775081,2.94
"Norway","NOR",1966,2332.510599,2.9
"Norway","NOR",1967,2530.660578,2.81
"Norway","NOR",1968,2679.713004,2.75
"Norway","NOR",1969,2894.239982,2.7
"Norway","NOR",1970,3306.219476,2.5
"Norway","NOR",1971,3736.348737,2.49
"Norway","NOR",1972,4413.575692,2.38
"Norway","NOR",1973,5689.588807,2.23
"Norway","NOR",1974,6811.527337,2.13
"Norway","NOR",1975,8204.451512,1.98
"Norway","NOR",1976,8927.201627,1.86
"Norway","NOR",1977,10266.12067,1.75
"Norway","NOR",1978,11462.59459,1.77
"Norway","NOR",1979,13046.53722,1.75
"Norway","NOR",1980,15772.24091,1.72
"Norway","NOR",1981,15512.5067,1.7
"Norway","NOR",1982,15224.89391,1.71
"Norway","NOR",1983,14927.51748,1.66
"Norway","NOR",1984,14989.48577,1.66
"Norway","NOR",1985,15753.55277,1.68
"Norway","NOR",1986,18883.23335,1.71
"Norway","NOR",1987,22505.86226,1.74
"Norway","NOR",1988,24207.28147,1.84
"Norway","NOR",1989,24281.13041,1.89
"Norway","NOR",1990,28242.9814,1.93
"Norway","NOR",1991,28596.933,1.92
"Norway","NOR",1992,30523.98506,1.88
"Norway","NOR",1993,27963.69791,1.86
"Norway","NOR",1994,29315.80923,1.87
"Norway","NOR",1995,34875.70433,1.87
"Norway","NOR",1996,37321.9742,1.89
"Norway","NOR",1997,36629.0309,1.86
"Norway","NOR",1998,34803.46341,1.81
"Norway","NOR",1999,36393.29275,1.85
"Norway","NOR",2000,38178.23688,1.85
"Norway","NOR",2001,38601.89764,1.78
"Norway","NOR",2002,43170.55717,1.75
"Norway","NOR",2003,50250.32982,1.8
"Norway","NOR",2004,57768.6981,1.83
"Norway","NOR",2005,67047.17046,1.84
"Norway","NOR",2006,74434.49968,1.9
"Norway","NOR",2007,85502.26771,1.9
"Norway","NOR",2008,97503.54078,1.96
"Norway","NOR",2009,80347.57007,1.98
"Norway","NOR",2010,88163.20859,1.95
"Norway","NOR",2011,101221.8135,1.88
"Norway","NOR",2012,102175.9193,1.85
"Norway","NOR",2013,103553.8401,1.78
"Norway","NOR",2014,97666.69518,1.75
"Norway","NOR",2015,74809.9658,1.72
"Norway","NOR",2016,70867.361,1.71
"Norway","NOR",2017,76131.8384,1.62
"Norway","NOR",2018,82792.84271,1.56
"Norway","NOR",2019,76430.58895,1.53
"Norway","NOR",2020,68340.0181,1.48
"Norway","NOR",2021,93072.89251,1.55
"Norway","NOR",2022,109269.5206,1.41
"Norway","NOR",2023,87497.32893,1.4
"Poland","POL",1960,NA,2.98
"Poland","POL",1961,NA,2.83
"Poland","POL",1962,NA,2.72
"Poland","POL",1963,NA,2.7
"Poland","POL",1964,NA,2.57
"Poland","POL",1965,NA,2.52
"Poland","POL",1966,NA,2.34
"Poland","POL",1967,NA,2.33
"Poland","POL",1968,NA,2.24
"Poland","POL",1969,NA,2.2
"Poland","POL",1970,NA,2.2
"Poland","POL",1971,NA,2.25
"Poland","POL",1972,NA,2.24
"Poland","POL",1973,NA,2.26
"Poland","POL",1974,NA,2.26
"Poland","POL",1975,NA,2.27
"Poland","POL",1976,NA,2.3
"Poland","POL",1977,NA,2.23
"Poland","POL",1978,NA,2.21
"Poland","POL",1979,NA,2.28
"Poland","POL",1980,NA,2.28
"Poland","POL",1981,NA,2.24
"Poland","POL",1982,NA,2.34
"Poland","POL",1983,NA,2.42
"Poland","POL",1984,NA,2.37
"Poland","POL",1985,NA,2.33
"Poland","POL",1986,NA,2.22
"Poland","POL",1987,NA,2.15
"Poland","POL",1988,NA,2.13
"Poland","POL",1989,NA,2.08
"Poland","POL",1990,1731.209509,2.06
"Poland","POL",1991,2235.541089,2.07
"Poland","POL",1992,2459.020685,1.95
"Poland","POL",1993,2497.130559,1.87
"Poland","POL",1994,2874.831636,1.81
"Poland","POL",1995,3700.959568,1.62
"Poland","POL",1996,4163.511954,1.59
"Poland","POL",1997,4137.008318,1.51
"Poland","POL",1998,4533.535655,1.44
"Poland","POL",1999,4415.500675,1.37
"Poland","POL",2000,4520.641004,1.37
"Poland","POL",2001,5015.2379,1.31
"Poland","POL",2002,5223.45179,1.25
"Poland","POL",2003,5720.813662,1.22
"Poland","POL",2004,6711.727153,1.23
"Poland","POL",2005,8043.923323,1.24
"Poland","POL",2006,9068.855283,1.27
"Poland","POL",2007,11272.52937,1.31
"Poland","POL",2008,14048.56047,1.39
"Poland","POL",2009,11556.30269,1.4
"Poland","POL",2010,12567.73177,1.41
"Poland","POL",2011,13867.66694,1.33
"Poland","POL",2012,13087.42094,1.33
"Poland","POL",2013,13621.90238,1.29
"Poland","POL",2014,14262.28419,1.32
"Poland","POL",2015,12637.52203,1.32
"Poland","POL",2016,12464.0121,1.39
"Poland","POL",2017,13913.34152,1.48
"Poland","POL",2018,15658.21059,1.46
"Poland","POL",2019,15874.52205,1.44
"Poland","POL",2020,16150.9291,1.39
"Poland","POL",2021,18635.50888,1.33
"Poland","POL",2022,18891.21353,1.29
"Poland","POL",2023,22145.26431,1.158
"Portugal","PRT",1960,376.9764303,3.16
"Portugal","PRT",1961,400.2231621,3.21
"Portugal","PRT",1962,426.4943363,3.23
"Portugal","PRT",1963,452.2802916,3.12
"Portugal","PRT",1964,490.2073859,3.21
"Portugal","PRT",1965,544.7196199,3.15
"Portugal","PRT",1966,601.2892223,3.16
"Portugal","PRT",1967,676.3866699,3.16
"Portugal","PRT",1968,751.9470856,3.12
"Portugal","PRT",1969,832.1306821,3.12
"Portugal","PRT",1970,934.0821561,3.01
"Portugal","PRT",1971,1064.537713,3
"Portugal","PRT",1972,1302.266268,2.86
"Portugal","PRT",1973,1747.989041,2.77
"Portugal","PRT",1974,2000.418246,2.7
"Portugal","PRT",1975,2127.637507,2.75
"Portugal","PRT",1976,2173.283934,2.82
"Portugal","PRT",1977,2267.371003,2.69
"Portugal","PRT",1978,2457.313216,2.45
"Portugal","PRT",1979,2755.624618,2.31
"Portugal","PRT",1980,3368.366669,2.25
"Portugal","PRT",1981,3245.975214,2.13
"Portugal","PRT",1982,3079.949566,2.07
"Portugal","PRT",1983,2735.491066,1.95
"Portugal","PRT",1984,2522.747476,1.9
"Portugal","PRT",1985,2705.193002,1.72
"Portugal","PRT",1986,3861.948433,1.66
"Portugal","PRT",1987,4803.866095,1.62
"Portugal","PRT",1988,5623.697,1.61
"Portugal","PRT",1989,6056.381028,1.57
"Portugal","PRT",1990,7884.617988,1.56
"Portugal","PRT",1991,8958.985333,1.56
"Portugal","PRT",1992,10810.56651,1.54
"Portugal","PRT",1993,9534.656364,1.52
"Portugal","PRT",1994,9977.319909,1.45
"Portugal","PRT",1995,11781.36185,1.41
"Portugal","PRT",1996,12185.0914,1.44
"Portugal","PRT",1997,11575.50711,1.47
"Portugal","PRT",1998,12199.20639,1.47
"Portugal","PRT",1999,12475.29177,1.5
"Portugal","PRT",2000,11526.37207,1.55
"Portugal","PRT",2001,11734.76497,1.45
"Portugal","PRT",2002,12936.69282,1.46
"Portugal","PRT",2003,15797.78213,1.44
"Portugal","PRT",2004,18064.15809,1.4
"Portugal","PRT",2005,18780.12751,1.41
"Portugal","PRT",2006,19839.45405,1.37
"Portugal","PRT",2007,22811.05648,1.35
"Portugal","PRT",2008,24949.04136,1.39
"Portugal","PRT",2009,23151.21541,1.34
"Portugal","PRT",2010,22551.9351,1.39
"Portugal","PRT",2011,23246.54254,1.35
"Portugal","PRT",2012,20593.42742,1.28
"Portugal","PRT",2013,21676.48596,1.21
"Portugal","PRT",2014,22120.68501,1.24
"Portugal","PRT",2015,19215.7813,1.31
"Portugal","PRT",2016,19980.28089,1.37
"Portugal","PRT",2017,21442.38428,1.38
"Portugal","PRT",2018,23541.14011,1.42
"Portugal","PRT",2019,23343.3629,1.44
"Portugal","PRT",2020,22299.40441,1.42
"Portugal","PRT",2021,24711.45101,1.35
"Portugal","PRT",2022,24620.51956,1.43
"Portugal","PRT",2023,27386.29206,1.44
"Slovak Republic","SVK",1960,NA,3.04
"Slovak Republic","SVK",1961,NA,2.96
"Slovak Republic","SVK",1962,NA,2.83
"Slovak Republic","SVK",1963,NA,2.92
"Slovak Republic","SVK",1964,NA,2.89
"Slovak Republic","SVK",1965,NA,2.78
"Slovak Republic","SVK",1966,NA,2.66
"Slovak Republic","SVK",1967,NA,2.48
"Slovak Republic","SVK",1968,NA,2.39
"Slovak Republic","SVK",1969,NA,2.43
"Slovak Republic","SVK",1970,NA,2.41
"Slovak Republic","SVK",1971,NA,2.43
"Slovak Republic","SVK",1972,NA,2.49
"Slovak Republic","SVK",1973,NA,2.56
"Slovak Republic","SVK",1974,NA,2.61
"Slovak Republic","SVK",1975,NA,2.55
"Slovak Republic","SVK",1976,NA,2.55
"Slovak Republic","SVK",1977,NA,2.49
"Slovak Republic","SVK",1978,NA,2.47
"Slovak Republic","SVK",1979,NA,2.45
"Slovak Republic","SVK",1980,NA,2.32
"Slovak Republic","SVK",1981,NA,2.29
"Slovak Republic","SVK",1982,NA,2.28
"Slovak Republic","SVK",1983,NA,2.28
"Slovak Republic","SVK",1984,NA,2.26
"Slovak Republic","SVK",1985,NA,2.26
"Slovak Republic","SVK",1986,NA,2.2
"Slovak Republic","SVK",1987,NA,2.14
"Slovak Republic","SVK",1988,NA,2.13
"Slovak Republic","SVK",1989,NA,2.07
"Slovak Republic","SVK",1990,2437.17517,2.09
"Slovak Republic","SVK",1991,2726.593055,2.05
"Slovak Republic","SVK",1992,2959.336449,1.93
"Slovak Republic","SVK",1993,3143.101431,1.87
"Slovak Republic","SVK",1994,3820.964275,1.67
"Slovak Republic","SVK",1995,4882.511582,1.52
"Slovak Republic","SVK",1996,5247.70081,1.47
"Slovak Republic","SVK",1997,5172.417575,1.43
"Slovak Republic","SVK",1998,5560.916178,1.37
"Slovak Republic","SVK",1999,5651.623275,1.33
"Slovak Republic","SVK",2000,5421.644844,1.3
"Slovak Republic","SVK",2001,5712.478028,1.2
"Slovak Republic","SVK",2002,6554.628084,1.19
"Slovak Republic","SVK",2003,8675.396337,1.2
"Slovak Republic","SVK",2004,10650.12901,1.25
"Slovak Republic","SVK",2005,11641.54103,1.27
"Slovak Republic","SVK",2006,13167.89547,1.25
"Slovak Republic","SVK",2007,16110.48173,1.27
"Slovak Republic","SVK",2008,18744.31923,1.34
"Slovak Republic","SVK",2009,16586.75278,1.44
"Slovak Republic","SVK",2010,16899.44868,1.43
"Slovak Republic","SVK",2011,18469.43543,1.45
"Slovak Republic","SVK",2012,17516.96911,1.34
"Slovak Republic","SVK",2013,18312.78051,1.34
"Slovak Republic","SVK",2014,18770.92899,1.37
"Slovak Republic","SVK",2015,16442.07609,1.4
"Slovak Republic","SVK",2016,16636.07691,1.48
"Slovak Republic","SVK",2017,17645.52987,1.52
"Slovak Republic","SVK",2018,19573.3717,1.54
"Slovak Republic","SVK",2019,19406.05897,1.57
"Slovak Republic","SVK",2020,19735.48583,1.59
"Slovak Republic","SVK",2021,22132.4483,1.63
"Slovak Republic","SVK",2022,21334.6011,1.57
"Slovak Republic","SVK",2023,24673.5483,1.49
"Slovenia","SVN",1960,NA,2.185
"Slovenia","SVN",1961,NA,2.27
"Slovenia","SVN",1962,NA,2.276
"Slovenia","SVN",1963,NA,2.269
"Slovenia","SVN",1964,NA,2.305
"Slovenia","SVN",1965,NA,2.432
"Slovenia","SVN",1966,NA,2.465
"Slovenia","SVN",1967,NA,2.37
"Slovenia","SVN",1968,NA,2.253
"Slovenia","SVN",1969,NA,2.174
"Slovenia","SVN",1970,NA,2.109
"Slovenia","SVN",1971,NA,2.157
"Slovenia","SVN",1972,NA,2.165
"Slovenia","SVN",1973,NA,2.204
"Slovenia","SVN",1974,NA,2.125
"Slovenia","SVN",1975,NA,2.175
"Slovenia","SVN",1976,NA,2.201
"Slovenia","SVN",1977,NA,2.166
"Slovenia","SVN",1978,NA,2.196
"Slovenia","SVN",1979,NA,2.215
"Slovenia","SVN",1980,NA,2.11
"Slovenia","SVN",1981,NA,1.961
"Slovenia","SVN",1982,NA,1.93
"Slovenia","SVN",1983,NA,1.81
"Slovenia","SVN",1984,NA,1.74
"Slovenia","SVN",1985,NA,1.71
"Slovenia","SVN",1986,NA,1.67
"Slovenia","SVN",1987,NA,1.65
"Slovenia","SVN",1988,NA,1.63
"Slovenia","SVN",1989,NA,1.52
"Slovenia","SVN",1990,9925.14071,1.46
"Slovenia","SVN",1991,7229.311498,1.42
"Slovenia","SVN",1992,7151.152438,1.33
"Slovenia","SVN",1993,7254.588874,1.33
"Slovenia","SVN",1994,8243.898955,1.32
"Slovenia","SVN",1995,10738.08876,1.29
"Slovenia","SVN",1996,10796.73994,1.28
"Slovenia","SVN",1997,10436.72607,1.25
"Slovenia","SVN",1998,11131.56666,1.23
"Slovenia","SVN",1999,11401.49068,1.21
"Slovenia","SVN",2000,10135.72191,1.26
"Slovenia","SVN",2001,10375.62559,1.21
"Slovenia","SVN",2002,11639.12978,1.21
"Slovenia","SVN",2003,14711.67487,1.2
"Slovenia","SVN",2004,17103.82978,1.25
"Slovenia","SVN",2005,17969.70959,1.26
"Slovenia","SVN",2006,19563.00506,1.31
"Slovenia","SVN",2007,23725.1596,1.38
"Slovenia","SVN",2008,27461.97642,1.53
"Slovenia","SVN",2009,24501.78973,1.53
"Slovenia","SVN",2010,23329.84177,1.57
"Slovenia","SVN",2011,24940.62848,1.56
"Slovenia","SVN",2012,22442.14179,1.58
"Slovenia","SVN",2013,23236.96553,1.55
"Slovenia","SVN",2014,24013.06821,1.58
"Slovenia","SVN",2015,20697.27485,1.57
"Slovenia","SVN",2016,21447.83778,1.58
"Slovenia","SVN",2017,23303.07771,1.62
"Slovenia","SVN",2018,25888.04811,1.6
"Slovenia","SVN",2019,25814.16872,1.61
"Slovenia","SVN",2020,25392.06511,1.59
"Slovenia","SVN",2021,29187.36938,1.64
"Slovenia","SVN",2022,28373.83823,1.55
"Slovenia","SVN",2023,32610.11092,1.51
"Spain","ESP",1960,407.9630279,2.86
"Spain","ESP",1961,463.1904409,2.77
"Spain","ESP",1962,535.3910595,2.8
"Spain","ESP",1963,627.278451,2.88
"Spain","ESP",1964,694.9520868,3.01
"Spain","ESP",1965,797.3770662,2.94
"Spain","ESP",1966,915.6292337,2.91
"Spain","ESP",1967,996.5718635,2.94
"Spain","ESP",1968,978.2923738,2.87
"Spain","ESP",1969,1109.136371,2.86
"Spain","ESP",1970,1211.423433,2.84
"Spain","ESP",1971,1361.192519,2.9
"Spain","ESP",1972,1707.588001,2.87
"Spain","ESP",1973,2245.947991,2.84
"Spain","ESP",1974,2747.960367,2.88
"Spain","ESP",1975,3207.544651,2.77
"Spain","ESP",1976,3276.970233,2.77
"Spain","ESP",1977,3624.999403,2.65
"Spain","ESP",1978,4353.327374,2.54
"Spain","ESP",1979,5766.092967,2.37
"Spain","ESP",1980,6204.143215,2.22
"Spain","ESP",1981,5367.329763,2.04
"Spain","ESP",1982,5156.023038,1.94
"Spain","ESP",1983,4475.301268,1.8
"Spain","ESP",1984,4486.781739,1.73
"Spain","ESP",1985,4696.298796,1.64
"Spain","ESP",1986,6508.850655,1.56
"Spain","ESP",1987,8233.72823,1.49
"Spain","ESP",1988,9696.192854,1.45
"Spain","ESP",1989,10674.34102,1.4
"Spain","ESP",1990,13795.01594,1.36
"Spain","ESP",1991,14801.32262,1.33
"Spain","ESP",1992,16100.67994,1.31
"Spain","ESP",1993,13330.37982,1.26
"Spain","ESP",1994,13405.70441,1.19
"Spain","ESP",1995,15460.91103,1.16
"Spain","ESP",1996,16100.62158,1.14
"Spain","ESP",1997,14722.37176,1.15
"Spain","ESP",1998,15382.33486,1.13
"Spain","ESP",1999,15707.94731,1.17
"Spain","ESP",2000,14743.2671,1.22
"Spain","ESP",2001,15368.2338,1.23
"Spain","ESP",2002,17111.06851,1.25
"Spain","ESP",2003,21522.0171,1.3
"Spain","ESP",2004,24925.02678,1.31
"Spain","ESP",2005,26450.95301,1.33
"Spain","ESP",2006,28421.68653,1.36
"Spain","ESP",2007,32652.01559,1.38
"Spain","ESP",2008,35603.24833,1.45
"Spain","ESP",2009,32279.82085,1.38
"Spain","ESP",2010,30658.74223,1.37
"Spain","ESP",2011,31824.62191,1.34
"Spain","ESP",2012,28456.44382,1.32
"Spain","ESP",2013,29228.84656,1.27
"Spain","ESP",2014,29707.76551,1.32
"Spain","ESP",2015,25982.44162,1.33
"Spain","ESP",2016,26755.60611,1.33
"Spain","ESP",2017,28381.34256,1.31
"Spain","ESP",2018,30602.42129,1.26
"Spain","ESP",2019,29786.52457,1.23
"Spain","ESP",2020,27233.94265,1.18
"Spain","ESP",2021,30799.47759,1.18
"Spain","ESP",2022,30270.2687,1.16
"Spain","ESP",2023,33509.0128,1.12
"Sweden","SWE",1960,2128.388844,2.17
"Sweden","SWE",1961,2304.497886,2.21
"Sweden","SWE",1962,2485.494147,2.25
"Sweden","SWE",1963,2675.103624,2.33
"Sweden","SWE",1964,2961.062832,2.47
"Sweden","SWE",1965,3227.916782,2.39
"Sweden","SWE",1966,3477.937313,2.37
"Sweden","SWE",1967,3746.247875,2.28
"Sweden","SWE",1968,3953.12834,2.07
"Sweden","SWE",1969,4262.974965,1.93
"Sweden","SWE",1970,4729.40501,1.92
"Sweden","SWE",1971,5125.329175,1.96
"Sweden","SWE",1972,6018.459632,1.91
"Sweden","SWE",1973,7290.714019,1.87
"Sweden","SWE",1974,8078.278768,1.87
"Sweden","SWE",1975,10102.75486,1.77
"Sweden","SWE",1976,10852.64383,1.68
"Sweden","SWE",1977,11432.15272,1.64
"Sweden","SWE",1978,12602.3664,1.6
"Sweden","SWE",1979,14855.7663,1.66
"Sweden","SWE",1980,17073.24066,1.68
"Sweden","SWE",1981,15564.01196,1.63
"Sweden","SWE",1982,13719.2114,1.62
"Sweden","SWE",1983,12590.09461,1.61
"Sweden","SWE",1984,13080.18039,1.66
"Sweden","SWE",1985,13647.20056,1.74
"Sweden","SWE",1986,17955.15715,1.8
"Sweden","SWE",1987,21761.21445,1.84
"Sweden","SWE",1988,24499.40532,1.96
"Sweden","SWE",1989,25625.31037,2.01
"Sweden","SWE",1990,30549.66928,2.13
"Sweden","SWE",1991,31777.0328,2.11
"Sweden","SWE",1992,32753.8047,2.09
"Sweden","SWE",1993,24390.1538,1.99
"Sweden","SWE",1994,26045.81489,1.88
"Sweden","SWE",1995,30254.29729,1.73
"Sweden","SWE",1996,33022.56495,1.6
"Sweden","SWE",1997,30324.45109,1.52
"Sweden","SWE",1998,30605.62272,1.5
"Sweden","SWE",1999,30969.10335,1.5
"Sweden","SWE",2000,29632.77361,1.54
"Sweden","SWE",2001,27259.48067,1.57
"Sweden","SWE",2002,29957.93877,1.65
"Sweden","SWE",2003,37292.42143,1.71
"Sweden","SWE",2004,42758.20155,1.75
"Sweden","SWE",2005,43378.61521,1.77
"Sweden","SWE",2006,46531.60011,1.85
"Sweden","SWE",2007,53568.56455,1.88
"Sweden","SWE",2008,55817.43927,1.91
"Sweden","SWE",2009,46707.86732,1.94
"Sweden","SWE",2010,52542.82741,1.98
"Sweden","SWE",2011,60379.77482,1.9
"Sweden","SWE",2012,57749.82513,1.91
"Sweden","SWE",2013,60844.27671,1.89
"Sweden","SWE",2014,59583.714,1.88
"Sweden","SWE",2015,51197.95293,1.85
"Sweden","SWE",2016,51820.39725,1.85
"Sweden","SWE",2017,53300.85873,1.78
"Sweden","SWE",2018,54181.90698,1.76
"Sweden","SWE",2019,51773.04646,1.71
"Sweden","SWE",2020,52653.75659,1.67
"Sweden","SWE",2021,61174.96802,1.67
"Sweden","SWE",2022,55296.93715,1.53
"Sweden","SWE",2023,55567.08901,1.45
"Switzerland","CHE",1960,1954.311321,2.44
"Switzerland","CHE",1961,2155.449969,2.52
"Switzerland","CHE",1962,2330.477365,2.58
"Switzerland","CHE",1963,2508.474307,2.65
"Switzerland","CHE",1964,2734.93009,2.66
"Switzerland","CHE",1965,2865.244848,2.59
"Switzerland","CHE",1966,3044.845604,2.5
"Switzerland","CHE",1967,3237.273152,2.39
"Switzerland","CHE",1968,3413.493582,2.29
"Switzerland","CHE",1969,3657.207942,2.19
"Switzerland","CHE",1970,4044.420682,2.1
"Switzerland","CHE",1971,4834.740494,2.04
"Switzerland","CHE",1972,5884.775241,1.91
"Switzerland","CHE",1973,7855.91887,1.81
"Switzerland","CHE",1974,9004.788599,1.73
"Switzerland","CHE",1975,10328.10894,1.61
"Switzerland","CHE",1976,10864.97123,1.55
"Switzerland","CHE",1977,11643.64674,1.53
"Switzerland","CHE",1978,16282.19325,1.51
"Switzerland","CHE",1979,18265.55886,1.52
"Switzerland","CHE",1980,19393.88055,1.55
"Switzerland","CHE",1981,17665.0139,1.55
"Switzerland","CHE",1982,17999.96926,1.56
"Switzerland","CHE",1983,17859.23237,1.52
"Switzerland","CHE",1984,16991.24588,1.53
"Switzerland","CHE",1985,17152.09485,1.52
"Switzerland","CHE",1986,24459.85363,1.53
"Switzerland","CHE",1987,30440.51082,1.52
"Switzerland","CHE",1988,32690.43027,1.57
"Switzerland","CHE",1989,31308.65083,1.56
"Switzerland","CHE",1990,39574.53981,1.58
"Switzerland","CHE",1991,39544.49468,1.58
"Switzerland","CHE",1992,40713.68815,1.58
"Switzerland","CHE",1993,39237.11866,1.51
"Switzerland","CHE",1994,43091.7771,1.49
"Switzerland","CHE",1995,50113.83212,1.48
"Switzerland","CHE",1996,48092.6433,1.5
"Switzerland","CHE",1997,41584.44178,1.48
"Switzerland","CHE",1998,42680.58673,1.47
"Switzerland","CHE",1999,41695.69129,1.48
"Switzerland","CHE",2000,38865.02194,1.5
"Switzerland","CHE",2001,39638.79111,1.38
"Switzerland","CHE",2002,42458.73847,1.39
"Switzerland","CHE",2003,49335.74563,1.39
"Switzerland","CHE",2004,54659.45715,1.42
"Switzerland","CHE",2005,56242.89336,1.42
"Switzerland","CHE",2006,59011.03246,1.44
"Switzerland","CHE",2007,64989.15533,1.46
"Switzerland","CHE",2008,74175.19279,1.48
"Switzerland","CHE",2009,71568.31239,1.5
"Switzerland","CHE",2010,76531.37282,1.52
"Switzerland","CHE",2011,90476.75897,1.52
"Switzerland","CHE",2012,85836.20768,1.52
"Switzerland","CHE",2013,87304.33058,1.52
"Switzerland","CHE",2014,88724.99107,1.54
"Switzerland","CHE",2015,83806.4476,1.54
"Switzerland","CHE",2016,82153.07454,1.54
"Switzerland","CHE",2017,82254.37705,1.52
"Switzerland","CHE",2018,85217.36915,1.52
"Switzerland","CHE",2019,84121.93103,1.48
"Switzerland","CHE",2020,85897.78433,1.46
"Switzerland","CHE",2021,93664.77367,1.52
"Switzerland","CHE",2022,94394.51068,1.39
"Switzerland","CHE",2023,100631.8028,1.33
"Turkiye","TUR",1960,267.0912076,6.383
"Turkiye","TUR",1961,274.3508909,6.419
"Turkiye","TUR",1962,298.2410209,6.382
"Turkiye","TUR",1963,337.0198569,6.339
"Turkiye","TUR",1964,354.3655411,6.291
"Turkiye","TUR",1965,369.9670822,6.22
"Turkiye","TUR",1966,424.9846101,6.152
"Turkiye","TUR",1967,459.4493691,6.057
"Turkiye","TUR",1968,501.121309,5.962
"Turkiye","TUR",1969,543.9474013,5.872
"Turkiye","TUR",1970,487.5650867,5.775
"Turkiye","TUR",1971,430.8972597,5.671
"Turkiye","TUR",1972,537.3375292,5.548
"Turkiye","TUR",1973,661.0808219,5.41
"Turkiye","TUR",1974,880.7281677,5.243
"Turkiye","TUR",1975,1121.543269,5.087
"Turkiye","TUR",1976,1227.924097,4.931
"Turkiye","TUR",1977,1371.961857,4.784
"Turkiye","TUR",1978,1510.185311,4.691
"Turkiye","TUR",1979,2013.373743,4.579
"Turkiye","TUR",1980,1515.645899,4.453
"Turkiye","TUR",1981,1536.665621,4.351
"Turkiye","TUR",1982,1360.238252,4.205
"Turkiye","TUR",1983,1275.683376,4.056
"Turkiye","TUR",1984,1209.051494,3.911
"Turkiye","TUR",1985,1326.427014,3.779
"Turkiye","TUR",1986,1461.496587,3.658
"Turkiye","TUR",1987,1649.962648,3.542
"Turkiye","TUR",1988,1685.694792,3.445
"Turkiye","TUR",1989,1948.591795,3.336
"Turkiye","TUR",1990,2689.526219,3.107
"Turkiye","TUR",1991,2649.2726,3.003
"Turkiye","TUR",1992,2743.653203,2.939
"Turkiye","TUR",1993,3057.937375,2.916
"Turkiye","TUR",1994,2176.280181,2.874
"Turkiye","TUR",1995,2774.616272,2.835
"Turkiye","TUR",1996,2929.153949,2.779
"Turkiye","TUR",1997,3020.993471,2.744
"Turkiye","TUR",1998,4329.56244,2.707
"Turkiye","TUR",1999,3969.473594,2.63
"Turkiye","TUR",2000,4192.443167,2.487
"Turkiye","TUR",2001,3045.55414,2.392
"Turkiye","TUR",2002,3583.197459,2.268
"Turkiye","TUR",2003,4637.882185,2.202
"Turkiye","TUR",2004,5960.778989,2.197
"Turkiye","TUR",2005,7303.013889,2.197
"Turkiye","TUR",2006,7953.07848,2.193
"Turkiye","TUR",2007,9711.223761,2.16
"Turkiye","TUR",2008,10843.50369,2.15
"Turkiye","TUR",2009,9012.999458,2.1
"Turkiye","TUR",2010,10622.70204,2.08
"Turkiye","TUR",2011,11300.78522,2.05
"Turkiye","TUR",2012,11713.28498,2.11
"Turkiye","TUR",2013,12578.18786,2.11
"Turkiye","TUR",2014,12165.22014,2.19
"Turkiye","TUR",2015,11049.99511,2.16
"Turkiye","TUR",2016,10970.04589,2.11
"Turkiye","TUR",2017,10695.5502,2.08
"Turkiye","TUR",2018,9568.835063,2
"Turkiye","TUR",2019,9215.440499,1.89
"Turkiye","TUR",2020,8638.739038,1.77
"Turkiye","TUR",2021,9743.212778,1.71
"Turkiye","TUR",2022,10674.50416,1.63
"Turkiye","TUR",2023,13105.6585,1.51
"United Kingdom","GBR",1960,1397.594803,2.69
"United Kingdom","GBR",1961,1472.385714,2.78
"United Kingdom","GBR",1962,1525.775853,2.86
"United Kingdom","GBR",1963,1613.456884,2.88
"United Kingdom","GBR",1964,1748.288118,2.93
"United Kingdom","GBR",1965,1873.567774,2.86
"United Kingdom","GBR",1966,1986.747159,2.78
"United Kingdom","GBR",1967,2058.781882,2.68
"United Kingdom","GBR",1968,1951.758596,2.6
"United Kingdom","GBR",1969,2100.667869,2.51
"United Kingdom","GBR",1970,2347.544318,2.44
"United Kingdom","GBR",1971,2649.801514,2.41
"United Kingdom","GBR",1972,3030.432514,2.2
"United Kingdom","GBR",1973,3426.276221,2.04
"United Kingdom","GBR",1974,3665.862798,1.92
"United Kingdom","GBR",1975,4299.745618,1.81
"United Kingdom","GBR",1976,4138.167788,1.74
"United Kingdom","GBR",1977,4681.439932,1.69
"United Kingdom","GBR",1978,5976.938169,1.75
"United Kingdom","GBR",1979,7804.762081,1.86
"United Kingdom","GBR",1980,10032.06208,1.9
"United Kingdom","GBR",1981,9599.306222,1.82
"United Kingdom","GBR",1982,9146.077357,1.78
"United Kingdom","GBR",1983,8691.518813,1.77
"United Kingdom","GBR",1984,8179.194441,1.77
"United Kingdom","GBR",1985,8652.216542,1.79
"United Kingdom","GBR",1986,10611.11221,1.78
"United Kingdom","GBR",1987,13118.58653,1.81
"United Kingdom","GBR",1988,15987.16808,1.82
"United Kingdom","GBR",1989,16239.2822,1.79
"United Kingdom","GBR",1990,19095.467,1.83
"United Kingdom","GBR",1991,19900.72665,1.82
"United Kingdom","GBR",1992,20487.17079,1.79
"United Kingdom","GBR",1993,18389.01957,1.76
"United Kingdom","GBR",1994,19709.2381,1.74
"United Kingdom","GBR",1995,23168.95296,1.71
"United Kingdom","GBR",1996,24406.4003,1.73
"United Kingdom","GBR",1997,26766.00562,1.72
"United Kingdom","GBR",1998,28274.50451,1.71
"United Kingdom","GBR",1999,28762.09136,1.68
"United Kingdom","GBR",2000,28280.92679,1.64
"United Kingdom","GBR",2001,27906.5695,1.63
"United Kingdom","GBR",2002,30077.74143,1.63
"United Kingdom","GBR",2003,34442.68754,1.7
"United Kingdom","GBR",2004,40366.88867,1.75
"United Kingdom","GBR",2005,42104.78844,1.76
"United Kingdom","GBR",2006,44512.45903,1.82
"United Kingdom","GBR",2007,50397.6855,1.86
"United Kingdom","GBR",2008,47396.12021,1.91
"United Kingdom","GBR",2009,38744.13169,1.89
"United Kingdom","GBR",2010,39598.95712,1.92
"United Kingdom","GBR",2011,42109.64188,1.91
"United Kingdom","GBR",2012,42490.14655,1.92
"United Kingdom","GBR",2013,43419.03526,1.83
"United Kingdom","GBR",2014,47426.62098,1.81
"United Kingdom","GBR",2015,44983.88552,1.8
"United Kingdom","GBR",2016,40988.10442,1.79
"United Kingdom","GBR",2017,40629.23403,1.74
"United Kingdom","GBR",2018,43315.48745,1.68
"United Kingdom","GBR",2019,42794.00226,1.632
"United Kingdom","GBR",2020,40404.80622,1.571
"United Kingdom","GBR",2021,46926.47574,1.583
"United Kingdom","GBR",2022,46062.99141,1.56
"United Kingdom","GBR",2023,49200.81015,1.56
"United States","USA",1960,3002.089295,3.654
"United States","USA",1961,3062.974116,3.62
"United States","USA",1962,3241.857659,3.461
"United States","USA",1963,3373.357305,3.319
"United States","USA",1964,3573.063546,3.19
"United States","USA",1965,3826.517248,2.913
"United States","USA",1966,4141.646539,2.721
"United States","USA",1967,4331.581153,2.558
"United States","USA",1968,4691.634036,2.464
"United States","USA",1969,5025.094775,2.456
"United States","USA",1970,5234.296666,2.48
"United States","USA",1971,5609.3826,2.266
"United States","USA",1972,6094.01799,2.01
"United States","USA",1973,6726.358956,1.879
"United States","USA",1974,7225.69136,1.835
"United States","USA",1975,7801.456664,1.774
"United States","USA",1976,8592.253537,1.738
"United States","USA",1977,9452.576519,1.79
"United States","USA",1978,10564.94822,1.76
"United States","USA",1979,11674.18187,1.808
"United States","USA",1980,12574.79151,1.8395
"United States","USA",1981,13976.10539,1.812
"United States","USA",1982,14433.78773,1.8275
"United States","USA",1983,15543.89372,1.799
"United States","USA",1984,17121.22548,1.8065
"United States","USA",1985,18236.82773,1.844
"United States","USA",1986,19071.22719,1.8375
"United States","USA",1987,20038.9411,1.872
"United States","USA",1988,21417.01193,1.934
"United States","USA",1989,22857.15443,2.014
"United States","USA",1990,23888.60001,2.081
"United States","USA",1991,24342.2589,2.0625
"United States","USA",1992,25418.99078,2.046
"United States","USA",1993,26387.29373,2.0195
"United States","USA",1994,27694.85342,2.0015
"United States","USA",1995,28690.8757,1.978
"United States","USA",1996,29967.71272,1.976
"United States","USA",1997,31459.12997,1.971
"United States","USA",1998,32853.67259,1.999
"United States","USA",1999,34515.38131,2.0075
"United States","USA",2000,36329.97026,2.056
"United States","USA",2001,37133.6204,2.0305
"United States","USA",2002,37997.74243,2.0205
"United States","USA",2003,39490.30239,2.0475
"United States","USA",2004,41724.6412,2.0515
"United States","USA",2005,44123.39965,2.057
"United States","USA",2006,46301.98765,2.108
"United States","USA",2007,48050.22741,2.12
"United States","USA",2008,48570.05943,2.072
"United States","USA",2009,47194.95009,2.002
"United States","USA",2010,48642.63121,1.931
"United States","USA",2011,50024.88123,1.8945
"United States","USA",2012,51708.39406,1.8805
"United States","USA",2013,53297.38629,1.8575
"United States","USA",2014,55153.39402,1.8625
"United States","USA",2015,56849.46979,1.8435
"United States","USA",2016,57976.6282,1.8205
"United States","USA",2017,60047.71907,1.7655
"United States","USA",2018,62875.66614,1.7295
"United States","USA",2019,65227.95659,1.706
"United States","USA",2020,64401.50744,1.6415
"United States","USA",2021,71307.40173,1.664
"United States","USA",2022,77860.91129,1.6565
"United States","USA",2023,82304.62043,1.6165
